"Name","ProcessID","Path","commandline","Owner","CreationDate","ThreadCount","HandleCount","VirtualSize","Priority","PriorityClass","Security ID","TotalProcessorTime","Parent Path","ParentProcessId","Company","ProductVersion","Description","Product","FileVersion","File Path SHA-256"
"System Idle Process","0",,,,"20230920112342.513322+060","2","0","8192","0",,,,,"0",,,,,,
"System","4",,,,"20230920112342.513322+060","115","2942","3919872","8",,,"00:04:00.7031250",,"0",,,,,,
"Registry","88",,,,"20230920112337.610876+060","4","0","151158784","8",,"S-1-5-18","00:00:01.6250000",,"4",,,,,,
"smss.exe","288",,,,"20230920112342.519402+060","2","53","2203359641600","11",,"S-1-5-18","00:00:00.1250000",,"4",,,,,,
"csrss.exe","404",,,,"20230920112343.336462+060","12","459","2203412856832","13",,"S-1-5-18","00:00:00.8750000",,"392",,,,,,
"wininit.exe","480",,,,"20230920112343.507123+060","1","168","2203387310080","13",,"S-1-5-18","00:00:00.0468750",,"392",,,,,,
"services.exe","624",,,,"20230920112343.620720+060","5","669","2203391389696","9",,"S-1-5-18","00:00:04.5781250",,"480",,,,,,
"lsass.exe","648","C:\Windows\system32\lsass.exe","C:\Windows\system32\lsass.exe","NT AUTHORITY\SYSTEM","20230920112343.668721+060","7","1386","2203409448960","9","Normal","S-1-5-18","00:00:05.3593750",,"480","Microsoft Corporation","10.0.17763.1","Local Security Authority Process","Microsoft? Windows? Operating System","10.0.17763.1 (WinBuild.160101.0800)","BBC83E4759D4B82BAD31E371AD679AA414C72273BF97CEE5AED8337ED8A4D79F"
"svchost.exe","740","C:\Windows\system32\svchost.exe","C:\Windows\system32\svchost.exe -k DcomLaunch -p -s PlugPlay","NT AUTHORITY\SYSTEM","20230920112343.902136+060","1","85","2203376574464","8","Normal","S-1-5-18","00:00:00.0156250",,"624","Microsoft Corporation","10.0.17763.3286","Host Process for Windows Services","Microsoft? Windows? Operating System","10.0.17763.3286 (WinBuild.160101.0800)","7FD065BAC18C5278777AE44908101CDFED72D26FA741367F0AD4D02020787AB6"
"fontdrvhost.exe","768","C:\Windows\system32\fontdrvhost.exe","""fontdrvhost.exe""","Font Driver Host\UMFD-0","20230920112343.920043+060","5","49","2203415334912","8","Normal","S-1-5-96-0-0","00:00:00.0468750",,"480","Microsoft Corporation","10.0.17763.1","Usermode Font Driver Host","Microsoft? Windows? Operating System","10.0.17763.1 (WinBuild.160101.0800)","2F12419A7D9D7F2F02688C76063DC081CE08DC79574C485717B38F65DE199781"
"svchost.exe","776","C:\Windows\system32\svchost.exe","C:\Windows\system32\svchost.exe -k DcomLaunch -p","NT AUTHORITY\SYSTEM","20230920112343.922739+060","13","1077","2203452383232","8","Normal","S-1-5-18","00:00:08.6093750",,"624","Microsoft Corporation","10.0.17763.3286","Host Process for Windows Services","Microsoft? Windows? Operating System","10.0.17763.3286 (WinBuild.160101.0800)","7FD065BAC18C5278777AE44908101CDFED72D26FA741367F0AD4D02020787AB6"
"svchost.exe","876","C:\Windows\system32\svchost.exe","C:\Windows\system32\svchost.exe -k RPCSS -p","NT AUTHORITY\NETWORK SERVICE","20230920112344.038015+060","9","1164","2203414261760","8","Normal","S-1-5-20","00:00:14.6562500",,"624","Microsoft Corporation","10.0.17763.3286","Host Process for Windows Services","Microsoft? Windows? Operating System","10.0.17763.3286 (WinBuild.160101.0800)","7FD065BAC18C5278777AE44908101CDFED72D26FA741367F0AD4D02020787AB6"
"svchost.exe","924","C:\Windows\system32\svchost.exe","C:\Windows\system32\svchost.exe -k DcomLaunch -p -s LSM","NT AUTHORITY\SYSTEM","20230920112344.079998+060","6","342","2203403804672","8","Normal","S-1-5-18","00:00:01",,"624","Microsoft Corporation","10.0.17763.3286","Host Process for Windows Services","Microsoft? Windows? Operating System","10.0.17763.3286 (WinBuild.160101.0800)","7FD065BAC18C5278777AE44908101CDFED72D26FA741367F0AD4D02020787AB6"
"svchost.exe","408","C:\Windows\system32\svchost.exe","C:\Windows\system32\svchost.exe -k LocalServiceNoNetwork -p","NT AUTHORITY\LOCAL SERVICE","20230920112344.298220+060","2","167","2203395727360","8","Normal","S-1-5-19","00:00:00.4218750",,"624","Microsoft Corporation","10.0.17763.3286","Host Process for Windows Services","Microsoft? Windows? Operating System","10.0.17763.3286 (WinBuild.160101.0800)","7FD065BAC18C5278777AE44908101CDFED72D26FA741367F0AD4D02020787AB6"
"svchost.exe","1040","C:\Windows\system32\svchost.exe","C:\Windows\system32\svchost.exe -k LocalService -p -s BthAvctpSvc","NT AUTHORITY\LOCAL SERVICE","20230920112344.300041+060","2","171","2203399327744","8","Normal","S-1-5-19","00:00:00.0156250",,"624","Microsoft Corporation","10.0.17763.3286","Host Process for Windows Services","Microsoft? Windows? Operating System","10.0.17763.3286 (WinBuild.160101.0800)","7FD065BAC18C5278777AE44908101CDFED72D26FA741367F0AD4D02020787AB6"
"svchost.exe","1048","C:\Windows\system32\svchost.exe","C:\Windows\system32\svchost.exe -k LocalService -p -s bthserv","NT AUTHORITY\LOCAL SERVICE","20230920112344.300686+060","6","246","2203411607552","8","Normal","S-1-5-19","00:00:00.0937500",,"624","Microsoft Corporation","10.0.17763.3286","Host Process for Windows Services","Microsoft? Windows? Operating System","10.0.17763.3286 (WinBuild.160101.0800)","7FD065BAC18C5278777AE44908101CDFED72D26FA741367F0AD4D02020787AB6"
"svchost.exe","1100","C:\Windows\System32\svchost.exe","C:\Windows\System32\svchost.exe -k LocalSystemNetworkRestricted -p -s NcbService","NT AUTHORITY\SYSTEM","20230920112344.318103+060","1","208","2203399823360","8","Normal","S-1-5-18","00:00:00.1718750",,"624","Microsoft Corporation","10.0.17763.3286","Host Process for Windows Services","Microsoft? Windows? Operating System","10.0.17763.3286 (WinBuild.160101.0800)","7FD065BAC18C5278777AE44908101CDFED72D26FA741367F0AD4D02020787AB6"
"svchost.exe","1108","C:\Windows\system32\svchost.exe","C:\Windows\system32\svchost.exe -k LocalServiceNetworkRestricted -p -s TimeBrokerSvc","NT AUTHORITY\LOCAL SERVICE","20230920112344.318938+060","3","165","2203405082624","8","Normal","S-1-5-19","00:00:00.1718750",,"624","Microsoft Corporation","10.0.17763.3286","Host Process for Windows Services","Microsoft? Windows? Operating System","10.0.17763.3286 (WinBuild.160101.0800)","7FD065BAC18C5278777AE44908101CDFED72D26FA741367F0AD4D02020787AB6"
"svchost.exe","1224","C:\Windows\system32\svchost.exe","C:\Windows\system32\svchost.exe -k netsvcs -p -s Schedule","NT AUTHORITY\SYSTEM","20230920112344.361024+060","7","383","2203440500736","8","Normal","S-1-5-18","00:00:01.3437500",,"624","Microsoft Corporation","10.0.17763.3286","Host Process for Windows Services","Microsoft? Windows? Operating System","10.0.17763.3286 (WinBuild.160101.0800)","7FD065BAC18C5278777AE44908101CDFED72D26FA741367F0AD4D02020787AB6"
"svchost.exe","1280","C:\Windows\system32\svchost.exe","C:\Windows\system32\svchost.exe -k netsvcs -p -s ProfSvc","NT AUTHORITY\SYSTEM","20230920112344.408137+060","4","261","2203444289536","8","Normal","S-1-5-18","00:00:00.5156250",,"624","Microsoft Corporation","10.0.17763.3286","Host Process for Windows Services","Microsoft? Windows? Operating System","10.0.17763.3286 (WinBuild.160101.0800)","7FD065BAC18C5278777AE44908101CDFED72D26FA741367F0AD4D02020787AB6"
"svchost.exe","1332","C:\Windows\system32\svchost.exe","C:\Windows\system32\svchost.exe -k LocalServiceNetworkRestricted -s BTAGService","NT AUTHORITY\LOCAL SERVICE","20230920112344.456043+060","2","159","2203393617920","8","Normal","S-1-5-19","00:00:00.0312500",,"624","Microsoft Corporation","10.0.17763.3286","Host Process for Windows Services","Microsoft? Windows? Operating System","10.0.17763.3286 (WinBuild.160101.0800)","7FD065BAC18C5278777AE44908101CDFED72D26FA741367F0AD4D02020787AB6"
"svchost.exe","1388","C:\Windows\System32\svchost.exe","C:\Windows\System32\svchost.exe -k LocalServiceNetworkRestricted -p -s EventLog","NT AUTHORITY\LOCAL SERVICE","20230920112344.488724+060","8","429","2203431297024","8","Normal","S-1-5-19","00:00:06.9531250",,"624","Microsoft Corporation","10.0.17763.3286","Host Process for Windows Services","Microsoft? Windows? Operating System","10.0.17763.3286 (WinBuild.160101.0800)","7FD065BAC18C5278777AE44908101CDFED72D26FA741367F0AD4D02020787AB6"
"svchost.exe","1428","C:\Windows\System32\svchost.exe","C:\Windows\System32\svchost.exe -k LocalSystemNetworkRestricted -p -s TabletInputService","NT AUTHORITY\SYSTEM","20230920112344.513271+060","3","197","2203394629632","8","Normal","S-1-5-18","00:00:00.1562500",,"624","Microsoft Corporation","10.0.17763.3286","Host Process for Windows Services","Microsoft? Windows? Operating System","10.0.17763.3286 (WinBuild.160101.0800)","7FD065BAC18C5278777AE44908101CDFED72D26FA741367F0AD4D02020787AB6"
"svchost.exe","1448","C:\Windows\system32\svchost.exe","C:\Windows\system32\svchost.exe -k netsvcs -p -s UserManager","NT AUTHORITY\SYSTEM","20230920112344.520323+060","7","344","2203407159296","8","Normal","S-1-5-18","00:00:01.4218750",,"624","Microsoft Corporation","10.0.17763.3286","Host Process for Windows Services","Microsoft? Windows? Operating System","10.0.17763.3286 (WinBuild.160101.0800)","7FD065BAC18C5278777AE44908101CDFED72D26FA741367F0AD4D02020787AB6"
"svchost.exe","1516","C:\Windows\system32\svchost.exe","C:\Windows\system32\svchost.exe -k LocalService -p -s nsi","NT AUTHORITY\LOCAL SERVICE","20230920112344.559257+060","4","136","2203392266240","8","Normal","S-1-5-19","00:00:00.5781250",,"624","Microsoft Corporation","10.0.17763.3286","Host Process for Windows Services","Microsoft? Windows? Operating System","10.0.17763.3286 (WinBuild.160101.0800)","7FD065BAC18C5278777AE44908101CDFED72D26FA741367F0AD4D02020787AB6"
"svchost.exe","1628","C:\Windows\system32\svchost.exe","C:\Windows\system32\svchost.exe -k LocalServiceNetworkRestricted -p -s Dhcp","NT AUTHORITY\LOCAL SERVICE","20230920112344.609495+060","5","216","2203392802816","8","Normal","S-1-5-19","00:00:00.4843750",,"624","Microsoft Corporation","10.0.17763.3286","Host Process for Windows Services","Microsoft? Windows? Operating System","10.0.17763.3286 (WinBuild.160101.0800)","7FD065BAC18C5278777AE44908101CDFED72D26FA741367F0AD4D02020787AB6"
"svchost.exe","1668","C:\Windows\system32\svchost.exe","C:\Windows\system32\svchost.exe -k LocalSystemNetworkRestricted -p -s SysMain","NT AUTHORITY\SYSTEM","20230920112344.629092+060","5","221","2207726010368","8","Normal","S-1-5-18","00:00:08.4218750",,"624","Microsoft Corporation","10.0.17763.3286","Host Process for Windows Services","Microsoft? Windows? Operating System","10.0.17763.3286 (WinBuild.160101.0800)","7FD065BAC18C5278777AE44908101CDFED72D26FA741367F0AD4D02020787AB6"
"svchost.exe","1688","C:\Windows\System32\svchost.exe","C:\Windows\System32\svchost.exe -k netsvcs -p -s Themes","NT AUTHORITY\SYSTEM","20230920112344.633719+060","3","180","2203391483904","8","Normal","S-1-5-18","00:00:00.1562500",,"624","Microsoft Corporation","10.0.17763.3286","Host Process for Windows Services","Microsoft? Windows? Operating System","10.0.17763.3286 (WinBuild.160101.0800)","7FD065BAC18C5278777AE44908101CDFED72D26FA741367F0AD4D02020787AB6"
"svchost.exe","1704","C:\Windows\system32\svchost.exe","C:\Windows\system32\svchost.exe -k LocalService -p -s EventSystem","NT AUTHORITY\LOCAL SERVICE","20230920112344.638661+060","6","447","2203403894784","8","Normal","S-1-5-19","00:00:00.8906250",,"624","Microsoft Corporation","10.0.17763.3286","Host Process for Windows Services","Microsoft? Windows? Operating System","10.0.17763.3286 (WinBuild.160101.0800)","7FD065BAC18C5278777AE44908101CDFED72D26FA741367F0AD4D02020787AB6"
"Memory Compression","1808",,,,"20230920112344.701232+060","46","0","48234496","8",,"S-1-5-18","00:00:07.1406250",,"4",,,,,,
"svchost.exe","1840","C:\Windows\System32\svchost.exe","C:\Windows\System32\svchost.exe -k NetworkService -p -s NlaSvc","NT AUTHORITY\NETWORK SERVICE","20230920112344.717366+060","6","371","2203422953472","8","Normal","S-1-5-20","00:00:00.4687500",,"624","Microsoft Corporation","10.0.17763.3286","Host Process for Windows Services","Microsoft? Windows? Operating System","10.0.17763.3286 (WinBuild.160101.0800)","7FD065BAC18C5278777AE44908101CDFED72D26FA741367F0AD4D02020787AB6"
"svchost.exe","1900","C:\Windows\system32\svchost.exe","C:\Windows\system32\svchost.exe -k NetworkService -p -s Dnscache","NT AUTHORITY\NETWORK SERVICE","20230920112344.781912+060","11","233","2203404980224","8","Normal","S-1-5-20","00:00:01.6250000",,"624","Microsoft Corporation","10.0.17763.3286","Host Process for Windows Services","Microsoft? Windows? Operating System","10.0.17763.3286 (WinBuild.160101.0800)","7FD065BAC18C5278777AE44908101CDFED72D26FA741367F0AD4D02020787AB6"
"svchost.exe","1908","C:\Windows\system32\svchost.exe","C:\Windows\system32\svchost.exe -k netsvcs -p -s SENS","NT AUTHORITY\SYSTEM","20230920112344.783657+060","3","172","2203398291456","8","Normal","S-1-5-18","00:00:00.1093750",,"624","Microsoft Corporation","10.0.17763.3286","Host Process for Windows Services","Microsoft? Windows? Operating System","10.0.17763.3286 (WinBuild.160101.0800)","7FD065BAC18C5278777AE44908101CDFED72D26FA741367F0AD4D02020787AB6"
"svchost.exe","1948","C:\Windows\System32\svchost.exe","C:\Windows\System32\svchost.exe -k LocalSystemNetworkRestricted -p -s AudioEndpointBuilder","NT AUTHORITY\SYSTEM","20230920112344.811764+060","3","199","2203399716864","8","Normal","S-1-5-18","00:00:00.0781250",,"624","Microsoft Corporation","10.0.17763.3286","Host Process for Windows Services","Microsoft? Windows? Operating System","10.0.17763.3286 (WinBuild.160101.0800)","7FD065BAC18C5278777AE44908101CDFED72D26FA741367F0AD4D02020787AB6"
"svchost.exe","1956","C:\Windows\system32\svchost.exe","C:\Windows\system32\svchost.exe -k LocalService -p -s FontCache","NT AUTHORITY\LOCAL SERVICE","20230920112344.817297+060","5","171","2203424317440","8","Normal","S-1-5-19","00:00:00.2500000",,"624","Microsoft Corporation","10.0.17763.3286","Host Process for Windows Services","Microsoft? Windows? Operating System","10.0.17763.3286 (WinBuild.160101.0800)","7FD065BAC18C5278777AE44908101CDFED72D26FA741367F0AD4D02020787AB6"
"svchost.exe","1872","C:\Windows\System32\svchost.exe","C:\Windows\System32\svchost.exe -k LocalService -p -s netprofm","NT AUTHORITY\LOCAL SERVICE","20230920112344.913970+060","10","407","2203400081408","8","Normal","S-1-5-19","00:00:00.9218750",,"624","Microsoft Corporation","10.0.17763.3286","Host Process for Windows Services","Microsoft? Windows? Operating System","10.0.17763.3286 (WinBuild.160101.0800)","7FD065BAC18C5278777AE44908101CDFED72D26FA741367F0AD4D02020787AB6"
"svchost.exe","1940","C:\Windows\System32\svchost.exe","C:\Windows\System32\svchost.exe -k LocalServiceNetworkRestricted -p","NT AUTHORITY\LOCAL SERVICE","20230920112344.920871+060","10","364","2203418742784","8","Normal","S-1-5-19","00:00:00.5000000",,"624","Microsoft Corporation","10.0.17763.3286","Host Process for Windows Services","Microsoft? Windows? Operating System","10.0.17763.3286 (WinBuild.160101.0800)","7FD065BAC18C5278777AE44908101CDFED72D26FA741367F0AD4D02020787AB6"
"svchost.exe","2156","C:\Windows\System32\svchost.exe","C:\Windows\System32\svchost.exe -k LocalServiceNetworkRestricted -p","NT AUTHORITY\LOCAL SERVICE","20230920112345.018357+060","4","132","2203389186048","8","Normal","S-1-5-19","00:00:00.0781250",,"624","Microsoft Corporation","10.0.17763.3286","Host Process for Windows Services","Microsoft? Windows? Operating System","10.0.17763.3286 (WinBuild.160101.0800)","7FD065BAC18C5278777AE44908101CDFED72D26FA741367F0AD4D02020787AB6"
"svchost.exe","2164","C:\Windows\system32\svchost.exe","C:\Windows\system32\svchost.exe -k LocalServiceNetworkRestricted -p","NT AUTHORITY\LOCAL SERVICE","20230920112345.020409+060","4","336","2203400351744","8","Normal","S-1-5-19","00:00:00.1250000",,"624","Microsoft Corporation","10.0.17763.3286","Host Process for Windows Services","Microsoft? Windows? Operating System","10.0.17763.3286 (WinBuild.160101.0800)","7FD065BAC18C5278777AE44908101CDFED72D26FA741367F0AD4D02020787AB6"
"svchost.exe","2244","C:\Windows\system32\svchost.exe","C:\Windows\system32\svchost.exe -k appmodel -p -s StateRepository","NT AUTHORITY\SYSTEM","20230920112345.062465+060","2","224","2203411357696","8","Normal","S-1-5-18","00:00:51.4218750",,"624","Microsoft Corporation","10.0.17763.3286","Host Process for Windows Services","Microsoft? Windows? Operating System","10.0.17763.3286 (WinBuild.160101.0800)","7FD065BAC18C5278777AE44908101CDFED72D26FA741367F0AD4D02020787AB6"
"svchost.exe","2252","C:\Windows\System32\svchost.exe","C:\Windows\System32\svchost.exe -k netsvcs -p -s ShellHWDetection","NT AUTHORITY\SYSTEM","20230920112345.065464+060","4","202","2203408158720","8","Normal","S-1-5-18","00:00:00.1875000",,"624","Microsoft Corporation","10.0.17763.3286","Host Process for Windows Services","Microsoft? Windows? Operating System","10.0.17763.3286 (WinBuild.160101.0800)","7FD065BAC18C5278777AE44908101CDFED72D26FA741367F0AD4D02020787AB6"
"svchost.exe","2368","C:\Windows\system32\svchost.exe","C:\Windows\system32\svchost.exe -k LocalServiceNetworkRestricted -p -s WinHttpAutoProxySvc","NT AUTHORITY\LOCAL SERVICE","20230920112345.145526+060","6","178","2203395342336","8","Normal","S-1-5-19","00:00:00.6093750",,"624","Microsoft Corporation","10.0.17763.3286","Host Process for Windows Services","Microsoft? Windows? Operating System","10.0.17763.3286 (WinBuild.160101.0800)","7FD065BAC18C5278777AE44908101CDFED72D26FA741367F0AD4D02020787AB6"
"spoolsv.exe","2424","C:\Windows\System32\spoolsv.exe","C:\Windows\System32\spoolsv.exe","NT AUTHORITY\SYSTEM","20230920112345.174841+060","7","477","2203458482176","8","Normal","S-1-5-18","00:00:00.3281250",,"624","Microsoft Corporation","10.0.17763.1512","Spooler SubSystem App","Microsoft? Windows? Operating System","10.0.17763.1512 (WinBuild.160101.0800)","BC7F9F33041C4594B25FF937F385C6E8A6BA870D25F781283C2147BB80A60919"
"svchost.exe","2488","C:\Windows\system32\svchost.exe","C:\Windows\system32\svchost.exe -k LocalServiceNoNetworkFirewall -p","NT AUTHORITY\LOCAL SERVICE","20230920112345.249976+060","13","404","2203432165376","8","Normal","S-1-5-19","00:00:05.3437500",,"624","Microsoft Corporation","10.0.17763.3286","Host Process for Windows Services","Microsoft? Windows? Operating System","10.0.17763.3286 (WinBuild.160101.0800)","7FD065BAC18C5278777AE44908101CDFED72D26FA741367F0AD4D02020787AB6"
"svchost.exe","2528","C:\Windows\System32\svchost.exe","C:\Windows\System32\svchost.exe -k NetworkService -p -s LanmanWorkstation","NT AUTHORITY\NETWORK SERVICE","20230920112345.281016+060","6","191","2203400347648","8","Normal","S-1-5-20","00:00:00.2031250",,"624","Microsoft Corporation","10.0.17763.3286","Host Process for Windows Services","Microsoft? Windows? Operating System","10.0.17763.3286 (WinBuild.160101.0800)","7FD065BAC18C5278777AE44908101CDFED72D26FA741367F0AD4D02020787AB6"
"svchost.exe","2788","C:\Windows\system32\svchost.exe","C:\Windows\system32\svchost.exe -k netsvcs -p -s TokenBroker","NT AUTHORITY\SYSTEM","20230920112345.503661+060","6","295","2203445841920","8","Normal","S-1-5-18","00:00:01.5156250",,"624","Microsoft Corporation","10.0.17763.3286","Host Process for Windows Services","Microsoft? Windows? Operating System","10.0.17763.3286 (WinBuild.160101.0800)","7FD065BAC18C5278777AE44908101CDFED72D26FA741367F0AD4D02020787AB6"
"svchost.exe","1896","C:\Windows\system32\svchost.exe","C:\Windows\system32\svchost.exe -k LocalService -p -s CDPSvc","NT AUTHORITY\LOCAL SERVICE","20230920112345.716770+060","10","340","2203448512512","8","Normal","S-1-5-19","00:00:00.3125000",,"624","Microsoft Corporation","10.0.17763.3286","Host Process for Windows Services","Microsoft? Windows? Operating System","10.0.17763.3286 (WinBuild.160101.0800)","7FD065BAC18C5278777AE44908101CDFED72D26FA741367F0AD4D02020787AB6"
"svchost.exe","2976","C:\Windows\system32\svchost.exe","C:\Windows\system32\svchost.exe -k NetworkService -p -s CryptSvc","NT AUTHORITY\NETWORK SERVICE","20230920112345.814347+060","6","502","2203897958400","8","Normal","S-1-5-20","00:00:02.0312500",,"624","Microsoft Corporation","10.0.17763.3286","Host Process for Windows Services","Microsoft? Windows? Operating System","10.0.17763.3286 (WinBuild.160101.0800)","7FD065BAC18C5278777AE44908101CDFED72D26FA741367F0AD4D02020787AB6"
"svchost.exe","2544","C:\Windows\System32\svchost.exe","C:\Windows\System32\svchost.exe -k utcsvc -p","NT AUTHORITY\SYSTEM","20230920112345.814391+060","10","518","2203464679424","8","Normal","S-1-5-18","00:00:01.5156250",,"624","Microsoft Corporation","10.0.17763.3286","Host Process for Windows Services","Microsoft? Windows? Operating System","10.0.17763.3286 (WinBuild.160101.0800)","7FD065BAC18C5278777AE44908101CDFED72D26FA741367F0AD4D02020787AB6"
"svchost.exe","2432","C:\Windows\System32\svchost.exe","C:\Windows\System32\svchost.exe -k LocalServiceNoNetwork -p -s DPS","NT AUTHORITY\LOCAL SERVICE","20230920112345.821954+060","14","329","2203578699776","8","Normal","S-1-5-19","00:00:03.1718750",,"624","Microsoft Corporation","10.0.17763.3286","Host Process for Windows Services","Microsoft? Windows? Operating System","10.0.17763.3286 (WinBuild.160101.0800)","7FD065BAC18C5278777AE44908101CDFED72D26FA741367F0AD4D02020787AB6"
"svchost.exe","3080","C:\Windows\system32\svchost.exe","C:\Windows\system32\svchost.exe -k netsvcs -p -s Winmgmt","NT AUTHORITY\SYSTEM","20230920112345.825701+060","18","560","2203483369472","8","Normal","S-1-5-18","00:00:25.6406250",,"624","Microsoft Corporation","10.0.17763.3286","Host Process for Windows Services","Microsoft? Windows? Operating System","10.0.17763.3286 (WinBuild.160101.0800)","7FD065BAC18C5278777AE44908101CDFED72D26FA741367F0AD4D02020787AB6"
"svchost.exe","3128","C:\Windows\System32\svchost.exe","C:\Windows\System32\svchost.exe -k LocalSystemNetworkRestricted -p -s TrkWks","NT AUTHORITY\SYSTEM","20230920112345.857067+060","3","127","2203387379712","8","Normal","S-1-5-18","00:00:00",,"624","Microsoft Corporation","10.0.17763.3286","Host Process for Windows Services","Microsoft? Windows? Operating System","10.0.17763.3286 (WinBuild.160101.0800)","7FD065BAC18C5278777AE44908101CDFED72D26FA741367F0AD4D02020787AB6"
"svchost.exe","3144","C:\Windows\system32\svchost.exe","C:\Windows\system32\svchost.exe -k netsvcs -p -s LanmanServer","NT AUTHORITY\SYSTEM","20230920112345.864652+060","6","245","2203406450688","8","Normal","S-1-5-18","00:00:00.3593750",,"624","Microsoft Corporation","10.0.17763.3286","Host Process for Windows Services","Microsoft? Windows? Operating System","10.0.17763.3286 (WinBuild.160101.0800)","7FD065BAC18C5278777AE44908101CDFED72D26FA741367F0AD4D02020787AB6"
"vmtoolsd.exe","3160","C:\Program Files\VMware\VMware Tools\vmtoolsd.exe","""C:\Program Files\VMware\VMware Tools\vmtoolsd.exe""","NT AUTHORITY\SYSTEM","20230920112345.870327+060","10","378","2203466395648","13","High","S-1-5-18","00:00:10.2812500",,"624","VMware, Inc.","11.0.6 build-15940789","VMware Tools Core Service","VMware Tools","11.0.6.19689","DA7E37CE59685964A3876EF1747964DE1CAABD13B3691B6A1D5EBED1D19C19AD"
"VGAuthService.exe","3172","C:\Program Files\VMware\VMware Tools\VMware VGAuth\VGAuthService.exe","""C:\Program Files\VMware\VMware Tools\VMware VGAuth\VGAuthService.exe""","NT AUTHORITY\SYSTEM","20230920112345.874382+060","2","174","2203432255488","8","Normal","S-1-5-18","00:00:00.0312500",,"624","VMware, Inc.","1.0.0 build-15374796","VMware Guest Authentication Service","VMware Guest Authentication","11.0.5.52475","70D4766639062A2E74C9708788905DE26405A12952D52D788BBE4A8F439E32D1"
"svchost.exe","3192","C:\Windows\system32\svchost.exe","C:\Windows\system32\svchost.exe -k netsvcs -p -s WpnService","NT AUTHORITY\SYSTEM","20230920112345.897223+060","6","387","2203448283136","8","Normal","S-1-5-18","00:00:00.4062500",,"624","Microsoft Corporation","10.0.17763.3286","Host Process for Windows Services","Microsoft? Windows? Operating System","10.0.17763.3286 (WinBuild.160101.0800)","7FD065BAC18C5278777AE44908101CDFED72D26FA741367F0AD4D02020787AB6"
"MsMpEng.exe","3204",,,,"20230920112345.900391+060","27","964","2203993419776","8",,"S-1-5-18","00:09:32.7812500",,"624",,,,,,
"svchost.exe","3360","C:\Windows\System32\svchost.exe","C:\Windows\System32\svchost.exe -k NetSvcs -p -s iphlpsvc","NT AUTHORITY\SYSTEM","20230920112346.104228+060","5","473","2203406610432","8","Normal","S-1-5-18","00:00:00.3125000",,"624","Microsoft Corporation","10.0.17763.3286","Host Process for Windows Services","Microsoft? Windows? Operating System","10.0.17763.3286 (WinBuild.160101.0800)","7FD065BAC18C5278777AE44908101CDFED72D26FA741367F0AD4D02020787AB6"
"svchost.exe","3380","C:\Windows\System32\svchost.exe","C:\Windows\System32\svchost.exe -k LocalService -p -s WdiServiceHost","NT AUTHORITY\LOCAL SERVICE","20230920112346.121870+060","2","108","2203386642432","8","Normal","S-1-5-19","00:00:00.0312500",,"624","Microsoft Corporation","10.0.17763.3286","Host Process for Windows Services","Microsoft? Windows? Operating System","10.0.17763.3286 (WinBuild.160101.0800)","7FD065BAC18C5278777AE44908101CDFED72D26FA741367F0AD4D02020787AB6"
"dllhost.exe","3972","C:\Windows\system32\dllhost.exe","C:\Windows\system32\dllhost.exe /Processid:{02D4B3F1-FD88-11D1-960D-00805FC79235}","NT AUTHORITY\SYSTEM","20230920112346.776061+060","10","254","2203415023616","8","Normal","S-1-5-18","00:00:00.5312500",,"624","Microsoft Corporation","10.0.17763.1","COM Surrogate","Microsoft? Windows? Operating System","10.0.17763.1 (WinBuild.160101.0800)","C4E078607DB2784BE7761C86048DFFA6F3EF04B551354A32FCDEC3B6A3450905"
"WmiPrvSE.exe","3092","C:\Windows\system32\wbem\wmiprvse.exe","C:\Windows\system32\wbem\wmiprvse.exe","NT AUTHORITY\NETWORK SERVICE","20230920112347.071371+060","10","262","2203415273472","8","Normal","S-1-5-20","00:00:15.3125000","C:\Windows\system32\svchost.exe","776","Microsoft Corporation","10.0.17763.1","WMI Provider Host","Microsoft? Windows? Operating System","10.0.17763.1 (WinBuild.160101.0800)","B5C78BEF3883E3099F7EF844DA1446DB29107E5C0223B97F29E7FAFAB5527F15"
"SearchIndexer.exe","4332","C:\Windows\system32\SearchIndexer.exe","C:\Windows\system32\SearchIndexer.exe /Embedding","NT AUTHORITY\SYSTEM","20230920112348.267526+060","17","788","2203652059136","8","Normal","S-1-5-18","00:04:59.8593750",,"624","Microsoft Corporation","7.0.17763.1","Microsoft Windows Search Indexer","Windows? Search","7.0.17763.1 (WinBuild.160101.0800)","9EF6092458DC8A082BDD25766870696F3A27216CE86BD2B740279722A3DE6026"
"msdtc.exe","4788","C:\Windows\System32\msdtc.exe","C:\Windows\System32\msdtc.exe","NT AUTHORITY\NETWORK SERVICE","20230920112349.395831+060","9","220","2203405336576","8","Normal","S-1-5-20","00:00:00.0781250",,"624","Microsoft Corporation","10.0.17763.1512","Microsoft Distributed Transaction Coordinator Service","Microsoft? Windows? Operating System","2001.12.10941.16384 (WinBuild.160101.0800)","1EAB4B9691E9EFA1DA02BDCB84035F65EDA4B525E5AEE925A6E1E4107F8E4F31"
"svchost.exe","5356","C:\Windows\System32\svchost.exe","C:\Windows\System32\svchost.exe -k LocalService -p -s LicenseManager","NT AUTHORITY\LOCAL SERVICE","20230920112351.501494+060","7","305","2203431333888","8","Normal","S-1-5-19","00:00:00.2343750",,"624","Microsoft Corporation","10.0.17763.3286","Host Process for Windows Services","Microsoft? Windows? Operating System","10.0.17763.3286 (WinBuild.160101.0800)","7FD065BAC18C5278777AE44908101CDFED72D26FA741367F0AD4D02020787AB6"
"NisSrv.exe","6032",,,,"20230920112355.027437+060","4","212","2203431485440","8",,"S-1-5-19","00:00:00.0468750",,"624",,,,,,
"svchost.exe","6312","C:\Windows\system32\svchost.exe","C:\Windows\system32\svchost.exe -k netsvcs -p -s lfsvc","NT AUTHORITY\SYSTEM","20230920112355.658024+060","1","275","2203412987904","8","Normal","S-1-5-18","00:00:00.0312500",,"624","Microsoft Corporation","10.0.17763.3286","Host Process for Windows Services","Microsoft? Windows? Operating System","10.0.17763.3286 (WinBuild.160101.0800)","7FD065BAC18C5278777AE44908101CDFED72D26FA741367F0AD4D02020787AB6"
"GoogleCrashHandler.exe","6416","C:\Program Files (x86)\Google\Update\1.3.36.312\GoogleCrashHandler.exe","""C:\Program Files (x86)\Google\Update\1.3.36.312\GoogleCrashHandler.exe""","NT AUTHORITY\SYSTEM","20230920112355.847640+060","3","187","53002240","4","Idle","S-1-5-18","00:00:00.0156250",,"2804","Google LLC","1.3.36.311","Google Crash Handler","Google Update","1.3.36.311","101DBF984C4B3876DEFE2699D6160ACBF1BB3F213E02A32F08FDCDC06821C542"
"GoogleCrashHandler64.exe","6504","C:\Program Files (x86)\Google\Update\1.3.36.312\GoogleCrashHandler64.exe","""C:\Program Files (x86)\Google\Update\1.3.36.312\GoogleCrashHandler64.exe""","NT AUTHORITY\SYSTEM","20230920112355.992130+060","3","166","4402638848","4","Idle","S-1-5-18","00:00:00.0156250",,"2804","Google LLC","1.3.36.311","Google Crash Handler","Google Update","1.3.36.311","CAD4AA1CF58F6B2E2ACEB789D53B18418E67066EC406B2FAC786CB845EF89D2B"
"SecurityHealthService.exe","4608",,,,"20230920112402.153499+060","17","520","2203456004096","8",,"S-1-5-18","00:00:00.3281250",,"624",,,,,,
"svchost.exe","7612","C:\Windows\system32\svchost.exe","C:\Windows\system32\svchost.exe -k LocalServiceAndNoImpersonation -p -s SSDPSRV","NT AUTHORITY\LOCAL SERVICE","20230920112406.910786+060","5","208","2203397079040","8","Normal","S-1-5-19","00:00:00.1562500",,"624","Microsoft Corporation","10.0.17763.3286","Host Process for Windows Services","Microsoft? Windows? Operating System","10.0.17763.3286 (WinBuild.160101.0800)","7FD065BAC18C5278777AE44908101CDFED72D26FA741367F0AD4D02020787AB6"
"svchost.exe","812","C:\Windows\system32\svchost.exe","C:\Windows\system32\svchost.exe -k netsvcs -p -s UsoSvc","NT AUTHORITY\SYSTEM","20230920112431.075418+060","7","453","2203526217728","8","Normal","S-1-5-18","00:00:03.4531250",,"624","Microsoft Corporation","10.0.17763.3286","Host Process for Windows Services","Microsoft? Windows? Operating System","10.0.17763.3286 (WinBuild.160101.0800)","7FD065BAC18C5278777AE44908101CDFED72D26FA741367F0AD4D02020787AB6"
"svchost.exe","6264",,,,"20230920112546.374901+060","10","416","2203474632704","8",,"S-1-5-20","00:00:04.5156250",,"624",,,,,,
"svchost.exe","9116","C:\Windows\System32\svchost.exe","C:\Windows\System32\svchost.exe -k LocalSystemNetworkRestricted -p -s StorSvc","NT AUTHORITY\SYSTEM","20230920112546.483390+060","1","184","2203402555392","8","Normal","S-1-5-18","00:00:00.0937500",,"624","Microsoft Corporation","10.0.17763.3286","Host Process for Windows Services","Microsoft? Windows? Operating System","10.0.17763.3286 (WinBuild.160101.0800)","7FD065BAC18C5278777AE44908101CDFED72D26FA741367F0AD4D02020787AB6"
"SgrmBroker.exe","8460",,,,"20230920112547.031742+060","3","85","2203375542272","8",,"S-1-5-18","00:00:00.0625000",,"624",,,,,,
"svchost.exe","7724",,,,"20230920112547.343165+060","6","220","2203400503296","8",,"S-1-5-19","00:00:00.0781250",,"624",,,,,,
"svchost.exe","3184","C:\Windows\system32\svchost.exe","C:\Windows\system32\svchost.exe -k netsvcs -p -s Appinfo","NT AUTHORITY\SYSTEM","20230920112803.620487+060","3","154","2203409764352","8","Normal","S-1-5-18","00:00:00.1718750",,"624","Microsoft Corporation","10.0.17763.3286","Host Process for Windows Services","Microsoft? Windows? Operating System","10.0.17763.3286 (WinBuild.160101.0800)","7FD065BAC18C5278777AE44908101CDFED72D26FA741367F0AD4D02020787AB6"
"svchost.exe","4320","C:\Windows\system32\svchost.exe","C:\Windows\system32\svchost.exe -k LocalSystemNetworkRestricted -p -s PcaSvc","NT AUTHORITY\SYSTEM","20230920112818.875775+060","6","198","2203412844544","8","Normal","S-1-5-18","00:00:00.2968750",,"624","Microsoft Corporation","10.0.17763.3286","Host Process for Windows Services","Microsoft? Windows? Operating System","10.0.17763.3286 (WinBuild.160101.0800)","7FD065BAC18C5278777AE44908101CDFED72D26FA741367F0AD4D02020787AB6"
"Sysmon64.exe","6120",,,,"20230920121145.442489+060","10","416","4432187392","8",,"S-1-5-18","00:00:13.7812500",,"624",,,,,,
"unsecapp.exe","704","C:\Windows\system32\wbem\unsecapp.exe","C:\Windows\system32\wbem\unsecapp.exe -Embedding","NT AUTHORITY\SYSTEM","20230920121145.508105+060","3","126","2203387383808","8","Normal","S-1-5-18","00:00:00.0312500","C:\Windows\system32\svchost.exe","776","Microsoft Corporation","10.0.17763.1","Sink to receive asynchronous callbacks for WMI client application","Microsoft? Windows? Operating System","10.0.17763.1 (WinBuild.160101.0800)","8095D4D7726438F8665E00C1A405AB94DB6358DC14740783795CF8617A64F19E"
"svchost.exe","620","C:\Windows\System32\svchost.exe","C:\Windows\System32\svchost.exe -k netsvcs -p","NT AUTHORITY\SYSTEM","20230920141328.691783+060","6","377","2203462307840","8","Normal","S-1-5-18","00:00:00.5312500",,"624","Microsoft Corporation","10.0.17763.3286","Host Process for Windows Services","Microsoft? Windows? Operating System","10.0.17763.3286 (WinBuild.160101.0800)","7FD065BAC18C5278777AE44908101CDFED72D26FA741367F0AD4D02020787AB6"
"svchost.exe","10852","C:\Windows\System32\svchost.exe","C:\Windows\System32\svchost.exe -k NetworkService -s TermService","NT AUTHORITY\NETWORK SERVICE","20231006135021.017569+060","30","702","2203554480128","8","Normal","S-1-5-20","00:00:10.3437500",,"624","Microsoft Corporation","10.0.17763.3286","Host Process for Windows Services","Microsoft? Windows? Operating System","10.0.17763.3286 (WinBuild.160101.0800)","7FD065BAC18C5278777AE44908101CDFED72D26FA741367F0AD4D02020787AB6"
"svchost.exe","10616","C:\Windows\System32\svchost.exe","C:\Windows\System32\svchost.exe -k LocalSystemNetworkRestricted -p -s UmRdpService","NT AUTHORITY\SYSTEM","20231006135021.253057+060","2","197","2203406622720","8","Normal","S-1-5-18","00:00:00.0781250",,"624","Microsoft Corporation","10.0.17763.3286","Host Process for Windows Services","Microsoft? Windows? Operating System","10.0.17763.3286 (WinBuild.160101.0800)","7FD065BAC18C5278777AE44908101CDFED72D26FA741367F0AD4D02020787AB6"
"svchost.exe","9488","C:\Windows\system32\svchost.exe","C:\Windows\system32\svchost.exe -k netsvcs -s CertPropSvc","NT AUTHORITY\SYSTEM","20231006135021.315764+060","4","209","2203398639616","8","Normal","S-1-5-18","00:00:00",,"624","Microsoft Corporation","10.0.17763.3286","Host Process for Windows Services","Microsoft? Windows? Operating System","10.0.17763.3286 (WinBuild.160101.0800)","7FD065BAC18C5278777AE44908101CDFED72D26FA741367F0AD4D02020787AB6"
"svchost.exe","888","C:\Windows\System32\svchost.exe","C:\Windows\System32\svchost.exe -k netsvcs -p -s SessionEnv","NT AUTHORITY\SYSTEM","20231006135021.364610+060","5","260","2203437629440","8","Normal","S-1-5-18","00:00:00.1406250",,"624","Microsoft Corporation","10.0.17763.3286","Host Process for Windows Services","Microsoft? Windows? Operating System","10.0.17763.3286 (WinBuild.160101.0800)","7FD065BAC18C5278777AE44908101CDFED72D26FA741367F0AD4D02020787AB6"
"svchost.exe","1136","C:\Windows\System32\svchost.exe","C:\Windows\System32\svchost.exe -k LocalServiceNetworkRestricted -p -s lmhosts","NT AUTHORITY\LOCAL SERVICE","20231006173115.736480+060","3","117","2203387994112","8","Normal","S-1-5-19","00:00:00.0156250",,"624","Microsoft Corporation","10.0.17763.3286","Host Process for Windows Services","Microsoft? Windows? Operating System","10.0.17763.3286 (WinBuild.160101.0800)","7FD065BAC18C5278777AE44908101CDFED72D26FA741367F0AD4D02020787AB6"
"csrss.exe","6952",,,,"20231006174305.971445+060","13","313","2203408031744","13",,"S-1-5-18","00:00:01.9843750",,"2720",,,,,,
"winlogon.exe","6512","C:\Windows\system32\winlogon.exe","winlogon.exe","NT AUTHORITY\SYSTEM","20231006174305.994600+060","3","262","2203417661440","13","High","S-1-5-18","00:00:00.0781250",,"2720","Microsoft Corporation","10.0.17763.3286","Windows Log-on Application","Microsoft? Windows? Operating System","10.0.17763.3286 (WinBuild.160101.0800)","01075068DC177AE38293A76C9DA5B2E09426093ECA4F6A53281CB6EC2FC6CD17"
"dwm.exe","244","C:\Windows\system32\dwm.exe","""dwm.exe""","Window Manager\DWM-4","20231006174306.085709+060","13","780","2203795140608","13","High","S-1-5-90-0-4","00:00:03.0937500","C:\Windows\system32\winlogon.exe","6512","Microsoft Corporation","10.0.17763.3286","Desktop Window Manager","Microsoft? Windows? Operating System","10.0.17763.3286 (WinBuild.160101.0800)","43DC58AF302374F77C3FAEAC2FB446B1D813712D2650D9618E8D80E312F2E6FD"
"fontdrvhost.exe","3448","C:\Windows\system32\fontdrvhost.exe","""fontdrvhost.exe""","Font Driver Host\UMFD-4","20231006174306.106816+060","5","49","2203518967808","8","Normal","S-1-5-96-0-4","00:00:00.1562500","C:\Windows\system32\winlogon.exe","6512","Microsoft Corporation","10.0.17763.1","Usermode Font Driver Host","Microsoft? Windows? Operating System","10.0.17763.1 (WinBuild.160101.0800)","2F12419A7D9D7F2F02688C76063DC081CE08DC79574C485717B38F65DE199781"
"svchost.exe","10728","C:\Windows\system32\svchost.exe","C:\Windows\system32\svchost.exe -k netsvcs -p -s gpsvc","NT AUTHORITY\SYSTEM","20231006183718.790307+060","5","207","2203398492160","8","Normal","S-1-5-18","00:00:00.0468750",,"624","Microsoft Corporation","10.0.17763.3286","Host Process for Windows Services","Microsoft? Windows? Operating System","10.0.17763.3286 (WinBuild.160101.0800)","7FD065BAC18C5278777AE44908101CDFED72D26FA741367F0AD4D02020787AB6"
"sihost.exe","7164","C:\Windows\system32\sihost.exe","sihost.exe","VELMAD100\Velma","20231006183719.190820+060","12","595","2203515265024","8","Normal","S-1-5-21-3466369480-1315555486-2413066615-1002","00:00:01.1718750","C:\Windows\system32\svchost.exe","1448","Microsoft Corporation","10.0.17763.1","Shell Infrastructure Host","Microsoft? Windows? Operating System","10.0.17763.1 (WinBuild.160101.0800)","09D94357241EBB37E4510C3A168178822C9458530A30D0E829F5759D6202834D"
"svchost.exe","5196","C:\Windows\system32\svchost.exe","C:\Windows\system32\svchost.exe -k UnistackSvcGroup -s CDPUserSvc","VELMAD100\Velma","20231006183719.213911+060","9","285","2203442212864","8","Normal","S-1-5-21-3466369480-1315555486-2413066615-1002","00:00:00.1406250",,"624","Microsoft Corporation","10.0.17763.3286","Host Process for Windows Services","Microsoft? Windows? Operating System","10.0.17763.3286 (WinBuild.160101.0800)","7FD065BAC18C5278777AE44908101CDFED72D26FA741367F0AD4D02020787AB6"
"svchost.exe","7756","C:\Windows\system32\svchost.exe","C:\Windows\system32\svchost.exe -k UnistackSvcGroup -s WpnUserService","VELMAD100\Velma","20231006183719.242003+060","9","448","2203510542336","8","Normal","S-1-5-21-3466369480-1315555486-2413066615-1002","00:00:00.7812500",,"624","Microsoft Corporation","10.0.17763.3286","Host Process for Windows Services","Microsoft? Windows? Operating System","10.0.17763.3286 (WinBuild.160101.0800)","7FD065BAC18C5278777AE44908101CDFED72D26FA741367F0AD4D02020787AB6"
"taskhostw.exe","10016","C:\Windows\system32\taskhostw.exe","taskhostw.exe {222A245B-E637-4AE9-A93F-A59CA119A75E}","VELMAD100\Velma","20231006183719.340192+060","8","311","2203521351680","8","Normal","S-1-5-21-3466369480-1315555486-2413066615-1002","00:00:00.7812500","C:\Windows\system32\svchost.exe","1224","Microsoft Corporation","10.0.17763.1512","Host Process for Windows Tasks","Microsoft? Windows? Operating System","10.0.17763.1512 (WinBuild.160101.0800)","E272D0E33299BCA60479683EAE0D9B5D880293C01B337D5759FEE812EA631A39"
"svchost.exe","5700","C:\Windows\system32\svchost.exe","C:\Windows\system32\svchost.exe -k appmodel -p -s camsvc","NT AUTHORITY\SYSTEM","20231006183719.368794+060","4","157","2203399065600","8","Normal","S-1-5-18","00:00:00.1250000",,"624","Microsoft Corporation","10.0.17763.3286","Host Process for Windows Services","Microsoft? Windows? Operating System","10.0.17763.3286 (WinBuild.160101.0800)","7FD065BAC18C5278777AE44908101CDFED72D26FA741367F0AD4D02020787AB6"
"explorer.exe","13872","C:\Windows\Explorer.EXE","C:\Windows\Explorer.EXE","VELMAD100\Velma","20231006183719.672344+060","71","2637","2203970293760","8","Normal","S-1-5-21-3466369480-1315555486-2413066615-1002","00:00:17.4531250",,"4752","Microsoft Corporation","10.0.17763.3286","Windows Explorer","Microsoft? Windows? Operating System","10.0.17763.3286 (WinBuild.160101.0800)","B759293373A11D1A972873A902BC64B2C9690AB947CE4A185CD047195521296D"
"svchost.exe","9052",,,,"20231006183719.875698+060","28","726","2203642945536","8",,"S-1-5-18","00:00:13.6093750",,"624",,,,,,
"svchost.exe","5920","C:\Windows\system32\svchost.exe","C:\Windows\system32\svchost.exe -k ClipboardSvcGroup -p -s cbdhsvc","VELMAD100\Velma","20231006183720.145457+060","8","267","2203467505664","8","Normal","S-1-5-21-3466369480-1315555486-2413066615-1002","00:00:00.0312500",,"624","Microsoft Corporation","10.0.17763.3286","Host Process for Windows Services","Microsoft? Windows? Operating System","10.0.17763.3286 (WinBuild.160101.0800)","7FD065BAC18C5278777AE44908101CDFED72D26FA741367F0AD4D02020787AB6"
"ShellExperienceHost.exe","7224","C:\Windows\SystemApps\ShellExperienceHost_cw5n1h2txyewy\ShellExperienceHost.exe","""C:\Windows\SystemApps\ShellExperienceHost_cw5n1h2txyewy\ShellExperienceHost.exe"" -ServerName:App.AppXtk181tbxbce2qsex02s8tw7hfxa9xb3t.mca","VELMAD100\Velma","20231006183720.843120+060","22","738","2203714777088","8","Normal","S-1-5-21-3466369480-1315555486-2413066615-1002","00:00:00.8750000","C:\Windows\system32\svchost.exe","776","Microsoft Corporation","10.0.17763.1","Windows Shell Experience Host","Microsoft? Windows? Operating System","10.0.17763.1 (WinBuild.160101.0800)","FAC55FCEA6448A425F833806F1A31C4AA9FD839DC98B5200D94E926D0E5F3BFD"
"SearchUI.exe","12112","C:\Windows\SystemApps\Microsoft.Windows.Cortana_cw5n1h2txyewy\SearchUI.exe","""C:\Windows\SystemApps\Microsoft.Windows.Cortana_cw5n1h2txyewy\SearchUI.exe"" -ServerName:CortanaUI.AppXa50dqqa5gqv4a428c9y1jjw7m3btvepj.mca","VELMAD100\Velma","20231006183721.029753+060","36","1290","2238678528000","8","Normal","S-1-5-21-3466369480-1315555486-2413066615-1002","00:00:04.4062500","C:\Windows\system32\svchost.exe","776","Microsoft Corporation","10.0.17763.348","Search and Cortana application","Microsoft? Windows? Operating System","10.0.17763.348 (WinBuild.160101.0800)","E5E4A1A9C4BFF511E20E4186FE79F0055AFB7CEA0E80910BA1E4F772D94362E7"
"RuntimeBroker.exe","12164","C:\Windows\System32\RuntimeBroker.exe","C:\Windows\System32\RuntimeBroker.exe -Embedding","VELMAD100\Velma","20231006183721.254104+060","9","566","2203540434944","8","Normal","S-1-5-21-3466369480-1315555486-2413066615-1002","00:00:01.0312500","C:\Windows\system32\svchost.exe","776","Microsoft Corporation","10.0.17763.1","Runtime Broker","Microsoft? Windows? Operating System","10.0.17763.1 (WinBuild.160101.0800)","3F82D416FBEE431B0AE798078F9C354711577F48B38901788C784A5EC0DD13B3"
"RuntimeBroker.exe","2612","C:\Windows\System32\RuntimeBroker.exe","C:\Windows\System32\RuntimeBroker.exe -Embedding","VELMAD100\Velma","20231006183721.849361+060","4","278","2203476045824","8","Normal","S-1-5-21-3466369480-1315555486-2413066615-1002","00:00:01.4375000","C:\Windows\system32\svchost.exe","776","Microsoft Corporation","10.0.17763.1","Runtime Broker","Microsoft? Windows? Operating System","10.0.17763.1 (WinBuild.160101.0800)","3F82D416FBEE431B0AE798078F9C354711577F48B38901788C784A5EC0DD13B3"
"SkypeHelper.exe","5284","C:\Program Files\WindowsApps\Microsoft.SkypeApp_14.26.95.0_x64__kzf8qxf38zg5c\SkypeHelper.exe","""C:\Program Files\WindowsApps\Microsoft.SkypeApp_14.26.95.0_x64__kzf8qxf38zg5c\SkypeHelper.exe"" -ServerName:SkypeHelper","VELMAD100\Velma","20231006183722.100962+060","4","155","4398731264","8","Normal","S-1-5-21-3466369480-1315555486-2413066615-1002","00:00:00.0468750","C:\Windows\system32\svchost.exe","776","Microsoft Corporation","8.26.0.95","Microsoft Skype","Microsoft? Skype","8.26.0.95","8806965F3867372BF3A6D59C470641A65DEF4488C7ECC2047A27267655807F89"
"Skype4Life.exe","280","C:\Program Files\WindowsApps\Microsoft.SkypeApp_14.26.95.0_x64__kzf8qxf38zg5c\Skype4Life.exe","""C:\Program Files\WindowsApps\Microsoft.SkypeApp_14.26.95.0_x64__kzf8qxf38zg5c\Skype4Life.exe"" -ServerName:App.AppX64x9g84fa7t8p61fs4y1yn2382gbgrbb.mca","VELMAD100\Velma","20231006183722.100967+060","15","434","39376748544","8","Normal","S-1-5-21-3466369480-1315555486-2413066615-1002","00:00:00.1562500","C:\Windows\system32\svchost.exe","776","Microsoft Corporation","8.26.0.95","SkypeApp","Microsoft Skype","8.26.0.95","18EE24388932EA9A2F68A6C1B7B1DEC031F8C9F60A919B906CEA7A79EEC0E9EE"
"YourPhone.exe","12704","C:\Program Files\WindowsApps\Microsoft.YourPhone_1.21062.152.0_x64__8wekyb3d8bbwe\YourPhone.exe","""C:\Program Files\WindowsApps\Microsoft.YourPhone_1.21062.152.0_x64__8wekyb3d8bbwe\YourPhone.exe"" -ServerName:App.AppX9yct9q388jvt4h7y0gn06smzkxcsnt8m.mca","VELMAD100\Velma","20231006183722.119303+060","17","710","5131751424","8","Normal","S-1-5-21-3466369480-1315555486-2413066615-1002","00:00:00.3281250","C:\Windows\system32\svchost.exe","776","Microsoft Corporation","1.21062.152.0","YourPhone","Microsoft Your Phone","1.21062.152.0","32E60B6494F872F9C6D21635A4032BC943D130F1E2EB780D7705A6B10649A9D2"
"ctfmon.exe","11168","C:\Windows\system32\ctfmon.exe","""ctfmon.exe""","VELMAD100\Velma","20231006183722.192057+060","10","430","2203459190784","13","High","S-1-5-21-3466369480-1315555486-2413066615-1002","00:00:00.8906250","C:\Windows\System32\svchost.exe","1428","Microsoft Corporation","10.0.17763.3286","CTF Loader","Microsoft? Windows? Operating System","10.0.17763.3286 (WinBuild.160101.0800)","2D88AB60714D7CAA53B06653CDD31E14093121CEBF3BB7EB7CA0F1B9F04A3A8A"
"TabTip.exe","9376","C:\Program Files\Common Files\microsoft shared\ink\TabTip.exe","/QuitInfo:00000000000003EC;00000000000003DC;  ","VELMAD100\Velma","20231006183722.290924+060","8","309","2203494006784","13","High","S-1-5-21-3466369480-1315555486-2413066615-1002","00:00:00.2031250","C:\Windows\System32\svchost.exe","1428","Microsoft Corporation","10.0.17763.3286","Touch Keyboard and Handwriting Panel","Microsoft? Windows? Operating System","10.0.17763.3286 (WinBuild.160101.0800)","D3759E806BA36FFB9FF01CFFD91EB4D1102AC7EEE8DD22275C443EBC22CFA939"
"svchost.exe","1716",,,,"20231006183722.983021+060","4","143","2203396239360","8",,"S-1-5-18","00:00:00.0468750",,"624",,,,,,
"RuntimeBroker.exe","9744","C:\Windows\System32\RuntimeBroker.exe","C:\Windows\System32\RuntimeBroker.exe -Embedding","VELMAD100\Velma","20231006183723.397741+060","4","216","2203456520192","8","Normal","S-1-5-21-3466369480-1315555486-2413066615-1002","00:00:00.0156250","C:\Windows\system32\svchost.exe","776","Microsoft Corporation","10.0.17763.1","Runtime Broker","Microsoft? Windows? Operating System","10.0.17763.1 (WinBuild.160101.0800)","3F82D416FBEE431B0AE798078F9C354711577F48B38901788C784A5EC0DD13B3"
"RuntimeBroker.exe","14180","C:\Windows\System32\RuntimeBroker.exe","C:\Windows\System32\RuntimeBroker.exe -Embedding","VELMAD100\Velma","20231006183727.312617+060","2","139","2203410526208","8","Normal","S-1-5-21-3466369480-1315555486-2413066615-1002","00:00:00.0312500","C:\Windows\system32\svchost.exe","776","Microsoft Corporation","10.0.17763.1","Runtime Broker","Microsoft? Windows? Operating System","10.0.17763.1 (WinBuild.160101.0800)","3F82D416FBEE431B0AE798078F9C354711577F48B38901788C784A5EC0DD13B3"
"svchost.exe","12332","C:\Windows\System32\svchost.exe","C:\Windows\System32\svchost.exe -k UnistackSvcGroup","VELMAD100\Velma","20231006183727.925518+060","6","452","2203608305664","8","Normal","S-1-5-21-3466369480-1315555486-2413066615-1002","00:00:00.2031250",,"624","Microsoft Corporation","10.0.17763.3286","Host Process for Windows Services","Microsoft? Windows? Operating System","10.0.17763.3286 (WinBuild.160101.0800)","7FD065BAC18C5278777AE44908101CDFED72D26FA741367F0AD4D02020787AB6"
"RuntimeBroker.exe","10332","C:\Windows\System32\RuntimeBroker.exe","C:\Windows\System32\RuntimeBroker.exe -Embedding","VELMAD100\Velma","20231006183731.767754+060","4","276","2203458945024","8","Normal","S-1-5-21-3466369480-1315555486-2413066615-1002","00:00:00.6718750","C:\Windows\system32\svchost.exe","776","Microsoft Corporation","10.0.17763.1","Runtime Broker","Microsoft? Windows? Operating System","10.0.17763.1 (WinBuild.160101.0800)","3F82D416FBEE431B0AE798078F9C354711577F48B38901788C784A5EC0DD13B3"
"smartscreen.exe","10184","C:\Windows\System32\smartscreen.exe","C:\Windows\System32\smartscreen.exe -Embedding","VELMAD100\Velma","20231006183732.278618+060","8","392","2238101020672","8","Normal","S-1-5-21-3466369480-1315555486-2413066615-1002","00:00:00.1093750","C:\Windows\system32\svchost.exe","776","Microsoft Corporation","10.0.17763.3286","Windows Defender SmartScreen","Microsoft? Windows? Operating System","10.0.17763.3286 (WinBuild.160101.0800)","C31F8DEB950D401377FD342D3BCE363DDA150D86F512EB1A5F6F34CEECB81D6C"
"SecurityHealthSystray.exe","9852","C:\Windows\System32\SecurityHealthSystray.exe","""C:\Windows\System32\SecurityHealthSystray.exe"" ","VELMAD100\Velma","20231006183732.392039+060","3","155","2203443064832","8","Normal","S-1-5-21-3466369480-1315555486-2413066615-1002","00:00:00.0312500","C:\Windows\Explorer.EXE","13872","Microsoft Corporation","10.0.17763.1","Windows Security notification icon","Microsoft? Windows? Operating System","10.0.17763.1 (WinBuild.160101.0800)","48F852164EF4747FCDDFF463034CAD33167E341D241536B122AE74FC8841C941"
"svchost.exe","3860","C:\Windows\system32\svchost.exe","C:\Windows\system32\svchost.exe -k LocalServiceNetworkRestricted -p -s NgcCtnrSvc","NT AUTHORITY\LOCAL SERVICE","20231006183732.718615+060","2","132","2203390156800","8","Normal","S-1-5-19","00:00:00",,"624","Microsoft Corporation","10.0.17763.3286","Host Process for Windows Services","Microsoft? Windows? Operating System","10.0.17763.3286 (WinBuild.160101.0800)","7FD065BAC18C5278777AE44908101CDFED72D26FA741367F0AD4D02020787AB6"
"vm3dservice.exe","13932","C:\Windows\System32\vm3dservice.exe","""C:\Windows\System32\vm3dservice.exe"" -u","VELMAD100\Velma","20231006183732.851916+060","2","96","2203411943424","8","Normal","S-1-5-21-3466369480-1315555486-2413066615-1002","00:00:00.0468750","C:\Windows\Explorer.EXE","13872",,,,,,"97BB6A53FE5F87DA7E36810B592F9929A7159BF0596E11210BF81FF79DD73022"
"vmtoolsd.exe","3276","C:\Program Files\VMware\VMware Tools\vmtoolsd.exe","""C:\Program Files\VMware\VMware Tools\vmtoolsd.exe"" -n vmusr","VELMAD100\Velma","20231006183733.307511+060","8","540","2203555618816","8","Normal","S-1-5-21-3466369480-1315555486-2413066615-1002","00:00:08.8281250","C:\Windows\Explorer.EXE","13872","VMware, Inc.","11.0.6 build-15940789","VMware Tools Core Service","VMware Tools","11.0.6.19689","DA7E37CE59685964A3876EF1747964DE1CAABD13B3691B6A1D5EBED1D19C19AD"
"audiodg.exe","7752","C:\Windows\system32\AUDIODG.EXE","C:\Windows\system32\AUDIODG.EXE 0x3bc","NT AUTHORITY\LOCAL SERVICE","20231006183733.854700+060","3","193","2203411320832","8","Normal","S-1-5-19","00:00:02.1250000","C:\Windows\System32\svchost.exe","1940","Microsoft Corporation","10.0.17763.1512","Windows Audio Device Graph Isolation ","Microsoft? Windows? Operating System","10.0.17763.1512 (WinBuild.160101.0800)","5555729C4FA72766C40C6A8F6131105AD8192E6608681DC22195EFD55B4AD27F"
"OneDrive.exe","12064","C:\Users\Velma\AppData\Local\Microsoft\OneDrive\OneDrive.exe","""C:\Users\Velma\AppData\Local\Microsoft\OneDrive\OneDrive.exe"" /background","VELMAD100\Velma","20231006183737.470993+060","22","652","2203655540736","8","Normal","S-1-5-21-3466369480-1315555486-2413066615-1002","00:00:00.8281250","C:\Windows\Explorer.EXE","13872","Microsoft Corporation","23.194.0917.0001","Microsoft OneDrive","Microsoft OneDrive","23.194.0917.0001","0F32674B99F442C22F85CBECD3283EF83BA3724EC18694E138A4F2B943ADF4F3"
"Spotify.exe","1612","C:\Users\Velma\AppData\Roaming\Spotify\Spotify.exe","""C:\Users\Velma\AppData\Roaming\Spotify\Spotify.exe"" --autostart --minimized","VELMAD100\Velma","20231006183738.828378+060","41","1013","73607221248","8","Normal","S-1-5-21-3466369480-1315555486-2413066615-1002","00:00:00.6406250","C:\Windows\Explorer.EXE","13872","Spotify Ltd","1.2.19.941","Spotify","Spotify","1.2.19.941","2B57D3888018BC39CC27F6FB27EE68B56A0E759062F7F2A5AE36AABD864BB61A"
"Spotify.exe","11348","C:\Users\Velma\AppData\Roaming\Spotify\Spotify.exe","C:\Users\Velma\AppData\Roaming\Spotify\Spotify.exe --type=crashpad-handler /prefetch:7 --max-uploads=5 --max-db-size=20 --max-db-age=5 --monitor-self-annotation=ptype=crashpad-handler ""--database=C:\Users\Velma\AppData\Local\Spotify\User Data\Crashpad"" ""--metrics-dir=C:\Users\Velma\AppData\Local\Spotify\User Data"" --url=https://crashdump.spotify.com:443/ --annotation=platform=win64 --annotation=product=spotify --annotation=version=1.2.19.941 --initial-client-data=0x438,0x43c,0x440,0x434,0x444,0x7ff8fbb04ca0,0x7ff8fbb04cb0,0x7ff8fbb04cc0","VELMAD100\Velma","20231006183738.911273+060","7","280","73418108928","8","Normal","S-1-5-21-3466369480-1315555486-2413066615-1002","00:00:00.0781250","C:\Users\Velma\AppData\Roaming\Spotify\Spotify.exe","1612","Spotify Ltd","1.2.19.941","Spotify","Spotify","1.2.19.941","2B57D3888018BC39CC27F6FB27EE68B56A0E759062F7F2A5AE36AABD864BB61A"
"Spotify.exe","10460","C:\Users\Velma\AppData\Roaming\Spotify\Spotify.exe","""C:\Users\Velma\AppData\Roaming\Spotify\Spotify.exe"" --type=gpu-process --log-severity=disable --user-agent-product=""Chrome/113.0.5672.128 Spotify/1.2.19.941"" --lang=en-GB --user-data-dir=""C:\Users\Velma\AppData\Local\Spotify\User Data"" --gpu-preferences=WAAAAAAAAADgAAAMAAAAAAAAAAAAAAAAAABgAAAAAAA4AAAAAAAAAAAAAAAIAAAAAAAAAAAAAAAAAAAAAAAAAAAAAAAAAAAAGAAAAAAAAAAYAAAAAAAAAAgAAAAAAAAACAAAAAAAAAAIAAAAAAAAAA== --log-file=""C:\Users\Velma\AppData\Roaming\Spotify\debug.log"" --mojo-platform-channel-handle=1824 --field-trial-handle=1828,i,17751858350051589347,2169975814828165309,262144 --disable-features=BackForwardCache,CalculateNativeWinOcclusion /prefetch:2","VELMAD100\Velma","20231006183739.008998+060","15","444","73516711936","10","AboveNormal","S-1-5-21-3466369480-1315555486-2413066615-1002","00:00:00.2500000","C:\Users\Velma\AppData\Roaming\Spotify\Spotify.exe","1612","Spotify Ltd","1.2.19.941","Spotify","Spotify","1.2.19.941","2B57D3888018BC39CC27F6FB27EE68B56A0E759062F7F2A5AE36AABD864BB61A"
"Spotify.exe","6284","C:\Users\Velma\AppData\Roaming\Spotify\Spotify.exe","""C:\Users\Velma\AppData\Roaming\Spotify\Spotify.exe"" --type=utility --utility-sub-type=storage.mojom.StorageService --lang=en-US --service-sandbox-type=service --log-severity=disable --user-agent-product=""Chrome/113.0.5672.128 Spotify/1.2.19.941"" --lang=en-GB --user-data-dir=""C:\Users\Velma\AppData\Local\Spotify\User Data"" --log-file=""C:\Users\Velma\AppData\Roaming\Spotify\debug.log"" --mojo-platform-channel-handle=3124 --field-trial-handle=1828,i,17751858350051589347,2169975814828165309,262144 --disable-features=BackForwardCache,CalculateNativeWinOcclusion /prefetch:8","VELMAD100\Velma","20231006183739.225626+060","7","274","73416912896","8","Normal","S-1-5-21-3466369480-1315555486-2413066615-1002","00:00:00.0625000","C:\Users\Velma\AppData\Roaming\Spotify\Spotify.exe","1612","Spotify Ltd","1.2.19.941","Spotify","Spotify","1.2.19.941","2B57D3888018BC39CC27F6FB27EE68B56A0E759062F7F2A5AE36AABD864BB61A"
"Spotify.exe","7696","C:\Users\Velma\AppData\Roaming\Spotify\Spotify.exe","""C:\Users\Velma\AppData\Roaming\Spotify\Spotify.exe"" --type=utility --utility-sub-type=network.mojom.NetworkService --lang=en-US --service-sandbox-type=none --log-severity=disable --user-agent-product=""Chrome/113.0.5672.128 Spotify/1.2.19.941"" --lang=en-GB --user-data-dir=""C:\Users\Velma\AppData\Local\Spotify\User Data"" --log-file=""C:\Users\Velma\AppData\Roaming\Spotify\debug.log"" --mojo-platform-channel-handle=3224 --field-trial-handle=1828,i,17751858350051589347,2169975814828165309,262144 --disable-features=BackForwardCache,CalculateNativeWinOcclusion /prefetch:8","VELMAD100\Velma","20231006183739.238346+060","11","352","73445072896","8","Normal","S-1-5-21-3466369480-1315555486-2413066615-1002","00:00:00.2343750","C:\Users\Velma\AppData\Roaming\Spotify\Spotify.exe","1612","Spotify Ltd","1.2.19.941","Spotify","Spotify","1.2.19.941","2B57D3888018BC39CC27F6FB27EE68B56A0E759062F7F2A5AE36AABD864BB61A"
"svchost.exe","8200","C:\Windows\system32\svchost.exe","C:\Windows\system32\svchost.exe -k LocalSystemNetworkRestricted -p -s DeviceAssociationService","NT AUTHORITY\SYSTEM","20231006183739.295007+060","2","154","2203393015808","8","Normal","S-1-5-18","00:00:00",,"624","Microsoft Corporation","10.0.17763.3286","Host Process for Windows Services","Microsoft? Windows? Operating System","10.0.17763.3286 (WinBuild.160101.0800)","7FD065BAC18C5278777AE44908101CDFED72D26FA741367F0AD4D02020787AB6"
"Spotify.exe","320","C:\Users\Velma\AppData\Roaming\Spotify\Spotify.exe","""C:\Users\Velma\AppData\Roaming\Spotify\Spotify.exe"" --type=renderer --log-severity=disable --user-agent-product=""Chrome/113.0.5672.128 Spotify/1.2.19.941"" --disable-spell-checking --user-data-dir=""C:\Users\Velma\AppData\Local\Spotify\User Data"" --first-renderer-process --log-file=""C:\Users\Velma\AppData\Roaming\Spotify\debug.log"" --lang=en-US --device-scale-factor=1 --num-raster-threads=1 --renderer-client-id=5 --time-ticks-at-unix-epoch=-1696591757534310 --launch-time-ticks=22101850520 --mojo-platform-channel-handle=3716 --field-trial-handle=1828,i,17751858350051589347,2169975814828165309,262144 --disable-features=BackForwardCache,CalculateNativeWinOcclusion /prefetch:1","VELMAD100\Velma","20231006183739.404948+060","14","368","89010380800","4","Idle","S-1-5-21-3466369480-1315555486-2413066615-1002","00:00:00.8281250","C:\Users\Velma\AppData\Roaming\Spotify\Spotify.exe","1612","Spotify Ltd","1.2.19.941","Spotify","Spotify","1.2.19.941","2B57D3888018BC39CC27F6FB27EE68B56A0E759062F7F2A5AE36AABD864BB61A"
"ApplicationFrameHost.exe","11236","C:\Windows\system32\ApplicationFrameHost.exe","C:\Windows\system32\ApplicationFrameHost.exe -Embedding","VELMAD100\Velma","20231006183757.338107+060","4","265","2203521593344","8","Normal","S-1-5-21-3466369480-1315555486-2413066615-1002","00:00:00.4687500","C:\Windows\system32\svchost.exe","776","Microsoft Corporation","10.0.17763.1","Application Frame Host","Microsoft? Windows? Operating System","10.0.17763.1 (WinBuild.160101.0800)","010A39F2C33B3DF513C599E951B61AFC8299C85B60C86E957E9DA17C1CD5655A"
"WindowsInternal.ComposableShell.Experiences.TextInput.InputApp.exe","13788","C:\Windows\SystemApps\InputApp_cw5n1h2txyewy\WindowsInternal.ComposableShell.Experiences.TextInput.InputApp.exe","""C:\Windows\SystemApps\InputApp_cw5n1h2txyewy\WindowsInternal.ComposableShell.Experiences.TextInput.InputApp.exe"" -ServerName:App.AppXagta193n5rpf7mheremt3yyfa1g555vc.mca","VELMAD100\Velma","20231006183805.019907+060","32","832","2203660500992","8","Normal","S-1-5-21-3466369480-1315555486-2413066615-1002","00:00:00.3281250","C:\Windows\system32\svchost.exe","776","Microsoft Corporation","10.0.17763.292","WindowsInternal.ComposableShell.Experiences.TextInput.InputApp.exe","Microsoft? Windows? Operating System","10.0.17763.292 (WinBuild.160101.0800)","F1E7E298C28441180A0FDF04B870FAE5E00E0796925E3211E5DF35616814C4EF"
"dllhost.exe","3076","C:\Windows\system32\DllHost.exe","C:\Windows\system32\DllHost.exe /Processid:{973D20D7-562D-44B9-B70B-5A0F49CCDF3F}","VELMAD100\Velma","20231006183819.529551+060","6","222","2203504680960","8","Normal","S-1-5-21-3466369480-1315555486-2413066615-1002","00:00:00.1406250","C:\Windows\system32\svchost.exe","776","Microsoft Corporation","10.0.17763.1","COM Surrogate","Microsoft? Windows? Operating System","10.0.17763.1 (WinBuild.160101.0800)","C4E078607DB2784BE7761C86048DFFA6F3EF04B551354A32FCDEC3B6A3450905"
"cmd.exe","13008","C:\Windows\system32\cmd.exe","""C:\Windows\system32\cmd.exe"" ","VELMAD100\test","20231006183826.361627+060","2","85","2203407302656","8","Normal","S-1-5-21-3466369480-1315555486-2413066615-1001","00:00:00.0625000","C:\Windows\Explorer.EXE","13872","Microsoft Corporation","10.0.17763.1512","Windows Command Processor","Microsoft? Windows? Operating System","10.0.17763.1512 (WinBuild.160101.0800)","9023F8AAEDA4A1DA45AC477A81B5BBE4128E413F19A0ABFA3715465AD66ED5CD"
"conhost.exe","8100","C:\Windows\system32\conhost.exe","\??\C:\Windows\system32\conhost.exe 0x4","VELMAD100\test","20231006183826.365551+060","5","221","2203498852352","8","Normal","S-1-5-21-3466369480-1315555486-2413066615-1001","00:00:00.2656250","C:\Windows\system32\cmd.exe","13008","Microsoft Corporation","10.0.17763.1512","Console Window Host","Microsoft? Windows? Operating System","10.0.17763.1512 (WinBuild.160101.0800)","4DD0F069254FE5577D5A478B70093049B4E062BB7760094E50090F6790456DAE"
"TrustedInstaller.exe","14216","C:\Windows\servicing\TrustedInstaller.exe","C:\Windows\servicing\TrustedInstaller.exe","NT AUTHORITY\SYSTEM","20231006183848.902040+060","4","151","2203390214144","8","Normal","S-1-5-18","00:00:00.2656250",,"624","Microsoft Corporation","10.0.17763.1512","Windows Modules Installer","Microsoft? Windows? Operating System","10.0.17763.1512 (WinBuild.160101.0800)","8E0D841929ECD6E1223205E0163E1F5B4938973F7BD743A6094A84C3D4DB9F56"
"svchost.exe","6040","C:\Windows\system32\svchost.exe","C:\Windows\system32\svchost.exe -k netsvcs -p -s wuauserv","NT AUTHORITY\SYSTEM","20231006183848.903244+060","18","824","2203727069184","8","Normal","S-1-5-18","00:00:40.9062500",,"624","Microsoft Corporation","10.0.17763.3286","Host Process for Windows Services","Microsoft? Windows? Operating System","10.0.17763.3286 (WinBuild.160101.0800)","7FD065BAC18C5278777AE44908101CDFED72D26FA741367F0AD4D02020787AB6"
"TiWorker.exe","10672","C:\Windows\winsxs\amd64_microsoft-windows-servicingstack_31bf3856ad364e35_10.0.17763.164_none_7e114a3d4d0589d4\TiWorker.exe","C:\Windows\winsxs\amd64_microsoft-windows-servicingstack_31bf3856ad364e35_10.0.17763.164_none_7e114a3d4d0589d4\TiWorker.exe -Embedding","NT AUTHORITY\SYSTEM","20231006183848.967233+060","4","316","2203572523008","8","Normal","S-1-5-18","00:01:11.2343750","C:\Windows\system32\svchost.exe","776","Microsoft Corporation","10.0.17763.1","Windows Modules Installer Worker","Microsoft? Windows? Operating System","10.0.17763.1 (WinBuild.160101.0800)","138435960F0717184F933AED18CB27773A6ACB4F6028C14A7381EFBD343185BA"
"svchost.exe","12520","C:\Windows\System32\svchost.exe","C:\Windows\System32\svchost.exe -k LocalSystemNetworkRestricted -p -s WdiSystemHost","NT AUTHORITY\SYSTEM","20231006183935.216553+060","2","119","2203387555840","8","Normal","S-1-5-18","00:00:00.0156250",,"624","Microsoft Corporation","10.0.17763.3286","Host Process for Windows Services","Microsoft? Windows? Operating System","10.0.17763.3286 (WinBuild.160101.0800)","7FD065BAC18C5278777AE44908101CDFED72D26FA741367F0AD4D02020787AB6"
"VSSVC.exe","7808","C:\Windows\system32\vssvc.exe","C:\Windows\system32\vssvc.exe","NT AUTHORITY\SYSTEM","20231006183942.653848+060","4","157","2203394342912","8","Normal","S-1-5-18","00:00:00.0312500",,"624","Microsoft Corporation","10.0.17763.1512","Microsoft? Volume Shadow Copy Service","Microsoft? Windows? Operating System","10.0.17763.1512 (WinBuild.160101.0800)","83B1F49FE9EC6D5EB109B36FBECF36984B3AAF06ACDE67F329876A6B69EE6278"
"svchost.exe","6204","C:\Windows\System32\svchost.exe","C:\Windows\System32\svchost.exe -k swprv","NT AUTHORITY\SYSTEM","20231006183943.394850+060","5","137","2203393568768","8","Normal","S-1-5-18","00:00:00.0312500",,"624","Microsoft Corporation","10.0.17763.3286","Host Process for Windows Services","Microsoft? Windows? Operating System","10.0.17763.3286 (WinBuild.160101.0800)","7FD065BAC18C5278777AE44908101CDFED72D26FA741367F0AD4D02020787AB6"
"kape.exe","8216","C:\Users\Velma\Desktop\evidence_acqu\KAPE_Local\kape.exe","""C:\Users\Velma\Desktop\evidence_acqu\KAPE_Local\kape.exe"" --tsource C: --tdest C:\KAPE\TriageData --tflush --target !CERT_Target --zip TriageData --msource C:\ --mdest C:\KAPE\LiveResponse --mflush --zm true --module CERT_LiveResponse --gui","VELMAD100\test","20231006184000.618296+060","14","638","5009629184","8","Normal","S-1-5-21-3466369480-1315555486-2413066615-1001","00:00:19.5781250",,"7704","Kroll Cyber","0.9.4.0","kape","kape","0.9.4.0","880897E8B572DBC8C663CC040B605D591C65CBF462D411A6C1982D6225A496CA"
"conhost.exe","9196","C:\Windows\system32\conhost.exe","\??\C:\Windows\system32\conhost.exe 0x4","VELMAD100\test","20231006184000.623890+060","4","202","2203495071744","8","Normal","S-1-5-21-3466369480-1315555486-2413066615-1001","00:00:00.4531250","C:\Users\Velma\Desktop\evidence_acqu\KAPE_Local\kape.exe","8216","Microsoft Corporation","10.0.17763.1512","Console Window Host","Microsoft? Windows? Operating System","10.0.17763.1512 (WinBuild.160101.0800)","4DD0F069254FE5577D5A478B70093049B4E062BB7760094E50090F6790456DAE"
"powershell.exe","2764","C:\Windows\system32\WindowsPowerShell\v1.0\powershell.exe","""C:\Windows\system32\WindowsPowerShell\v1.0\powershell.exe"" -Command ""Get-WMIObject Win32_Process | Select-Object Name,ProcessID,Path,commandline,@{Label='Owner'; Expression={(Get-Process -PID $_.ProcessID -IncludeUserName).UserName}},CreationDate,ThreadCount,HandleCount,VirtualSize,Priority,@{Label='PriorityClass'; Expression={(Get-Process -PID $_.ProcessID).PriorityClass}},@{Label='Security ID'; Expression={$_.getownersid().SID}},@{Label='TotalProcessorTime'; Expression={(Get-Process -PID $_.ProcessID).TotalProcessorTime}},@{Label='Parent Path'; Expression={(Get-Process -PID $_.ParentProcessId).Path}},ParentProcessId,@{Label='Company'; Expression={(Get-Process -PID $_.ProcessID).Company}},@{Label='ProductVersion'; Expression={(Get-Process -PID $_.ProcessID).ProductVersion}},@{Label='Description'; Expression={(Get-Process -PID $_.ProcessID).Description}},@{Label='Product'; Expression={(Get-Process -PID $_.ProcessID).Product}},@{Label='FileVersion'; Expression={(Get-Process -PID $_.ProcessID).FileVersion}},@{Label='File Path SHA-256'; Expression={[System.BitConverter]::ToString( (New-Object System.Security.Cryptography.SHA256CryptoServiceProvider).ComputeHash([System.IO.File]::ReadAllBytes($_.Path))) -replace '-'}}  | Export-Csv -NoTypeInformation -Path C:\KAPE\LiveResponse\LiveResponse\PWSH-Get-ProcessList.csv ""","VELMAD100\test","20231006184352.006034+060","20","583","2204034895872","8","Normal","S-1-5-21-3466369480-1315555486-2413066615-1001","00:00:05.6093750","C:\Users\Velma\Desktop\evidence_acqu\KAPE_Local\kape.exe","8216","Microsoft Corporation","10.0.17763.1512","Windows PowerShell","Microsoft? Windows? Operating System","10.0.17763.1512 (WinBuild.160101.0800)","DE96A6E69944335375DC1AC238336066889D9FFC7D73628EF4FE1B1B160AB32C"
