"ProcessId","ProcessName","Path","CommandLine","Description","ParentProcessId","CreationDate","Handle","HandleCount","File Path MD-5"
"0","System Idle Process",,,"System Idle Process","0","20/09/2023 11:23:42","0","0",
"4","System",,,"System","0","20/09/2023 11:23:42","4","2947",
"88","Registry",,,"Registry","4","20/09/2023 11:23:37","88","0",
"288","smss.exe",,,"smss.exe","4","20/09/2023 11:23:42","288","53",
"404","csrss.exe",,,"csrss.exe","392","20/09/2023 11:23:43","404","459",
"480","wininit.exe",,,"wininit.exe","392","20/09/2023 11:23:43","480","168",
"624","services.exe",,,"services.exe","480","20/09/2023 11:23:43","624","669",
"648","lsass.exe","C:\Windows\system32\lsass.exe","C:\Windows\system32\lsass.exe","lsass.exe","480","20/09/2023 11:23:43","648","1389","568C5CBF9877F6B9E39D1E7CA0FF0A36"
"740","svchost.exe","C:\Windows\system32\svchost.exe","C:\Windows\system32\svchost.exe -k DcomLaunch -p -s PlugPlay","svchost.exe","624","20/09/2023 11:23:43","740","85","8A0A29438052FAED8A2532DA50455756"
"768","fontdrvhost.exe","C:\Windows\system32\fontdrvhost.exe","""fontdrvhost.exe""","fontdrvhost.exe","480","20/09/2023 11:23:43","768","49","5708BFDDB5E37B98E65D71E404138937"
"776","svchost.exe","C:\Windows\system32\svchost.exe","C:\Windows\system32\svchost.exe -k DcomLaunch -p","svchost.exe","624","20/09/2023 11:23:43","776","1078","8A0A29438052FAED8A2532DA50455756"
"876","svchost.exe","C:\Windows\system32\svchost.exe","C:\Windows\system32\svchost.exe -k RPCSS -p","svchost.exe","624","20/09/2023 11:23:44","876","1163","8A0A29438052FAED8A2532DA50455756"
"924","svchost.exe","C:\Windows\system32\svchost.exe","C:\Windows\system32\svchost.exe -k DcomLaunch -p -s LSM","svchost.exe","624","20/09/2023 11:23:44","924","343","8A0A29438052FAED8A2532DA50455756"
"408","svchost.exe","C:\Windows\system32\svchost.exe","C:\Windows\system32\svchost.exe -k LocalServiceNoNetwork -p","svchost.exe","624","20/09/2023 11:23:44","408","167","8A0A29438052FAED8A2532DA50455756"
"1040","svchost.exe","C:\Windows\system32\svchost.exe","C:\Windows\system32\svchost.exe -k LocalService -p -s BthAvctpSvc","svchost.exe","624","20/09/2023 11:23:44","1040","171","8A0A29438052FAED8A2532DA50455756"
"1048","svchost.exe","C:\Windows\system32\svchost.exe","C:\Windows\system32\svchost.exe -k LocalService -p -s bthserv","svchost.exe","624","20/09/2023 11:23:44","1048","246","8A0A29438052FAED8A2532DA50455756"
"1100","svchost.exe","C:\Windows\System32\svchost.exe","C:\Windows\System32\svchost.exe -k LocalSystemNetworkRestricted -p -s NcbService","svchost.exe","624","20/09/2023 11:23:44","1100","208","8A0A29438052FAED8A2532DA50455756"
"1108","svchost.exe","C:\Windows\system32\svchost.exe","C:\Windows\system32\svchost.exe -k LocalServiceNetworkRestricted -p -s TimeBrokerSvc","svchost.exe","624","20/09/2023 11:23:44","1108","165","8A0A29438052FAED8A2532DA50455756"
"1224","svchost.exe","C:\Windows\system32\svchost.exe","C:\Windows\system32\svchost.exe -k netsvcs -p -s Schedule","svchost.exe","624","20/09/2023 11:23:44","1224","383","8A0A29438052FAED8A2532DA50455756"
"1280","svchost.exe","C:\Windows\system32\svchost.exe","C:\Windows\system32\svchost.exe -k netsvcs -p -s ProfSvc","svchost.exe","624","20/09/2023 11:23:44","1280","261","8A0A29438052FAED8A2532DA50455756"
"1332","svchost.exe","C:\Windows\system32\svchost.exe","C:\Windows\system32\svchost.exe -k LocalServiceNetworkRestricted -s BTAGService","svchost.exe","624","20/09/2023 11:23:44","1332","159","8A0A29438052FAED8A2532DA50455756"
"1388","svchost.exe","C:\Windows\System32\svchost.exe","C:\Windows\System32\svchost.exe -k LocalServiceNetworkRestricted -p -s EventLog","svchost.exe","624","20/09/2023 11:23:44","1388","429","8A0A29438052FAED8A2532DA50455756"
"1428","svchost.exe","C:\Windows\System32\svchost.exe","C:\Windows\System32\svchost.exe -k LocalSystemNetworkRestricted -p -s TabletInputService","svchost.exe","624","20/09/2023 11:23:44","1428","197","8A0A29438052FAED8A2532DA50455756"
"1448","svchost.exe","C:\Windows\system32\svchost.exe","C:\Windows\system32\svchost.exe -k netsvcs -p -s UserManager","svchost.exe","624","20/09/2023 11:23:44","1448","344","8A0A29438052FAED8A2532DA50455756"
"1516","svchost.exe","C:\Windows\system32\svchost.exe","C:\Windows\system32\svchost.exe -k LocalService -p -s nsi","svchost.exe","624","20/09/2023 11:23:44","1516","136","8A0A29438052FAED8A2532DA50455756"
"1628","svchost.exe","C:\Windows\system32\svchost.exe","C:\Windows\system32\svchost.exe -k LocalServiceNetworkRestricted -p -s Dhcp","svchost.exe","624","20/09/2023 11:23:44","1628","219","8A0A29438052FAED8A2532DA50455756"
"1668","svchost.exe","C:\Windows\system32\svchost.exe","C:\Windows\system32\svchost.exe -k LocalSystemNetworkRestricted -p -s SysMain","svchost.exe","624","20/09/2023 11:23:44","1668","221","8A0A29438052FAED8A2532DA50455756"
"1688","svchost.exe","C:\Windows\System32\svchost.exe","C:\Windows\System32\svchost.exe -k netsvcs -p -s Themes","svchost.exe","624","20/09/2023 11:23:44","1688","180","8A0A29438052FAED8A2532DA50455756"
"1704","svchost.exe","C:\Windows\system32\svchost.exe","C:\Windows\system32\svchost.exe -k LocalService -p -s EventSystem","svchost.exe","624","20/09/2023 11:23:44","1704","447","8A0A29438052FAED8A2532DA50455756"
"1808","Memory Compression",,,"Memory Compression","4","20/09/2023 11:23:44","1808","0",
"1840","svchost.exe","C:\Windows\System32\svchost.exe","C:\Windows\System32\svchost.exe -k NetworkService -p -s NlaSvc","svchost.exe","624","20/09/2023 11:23:44","1840","371","8A0A29438052FAED8A2532DA50455756"
"1900","svchost.exe","C:\Windows\system32\svchost.exe","C:\Windows\system32\svchost.exe -k NetworkService -p -s Dnscache","svchost.exe","624","20/09/2023 11:23:44","1900","236","8A0A29438052FAED8A2532DA50455756"
"1908","svchost.exe","C:\Windows\system32\svchost.exe","C:\Windows\system32\svchost.exe -k netsvcs -p -s SENS","svchost.exe","624","20/09/2023 11:23:44","1908","172","8A0A29438052FAED8A2532DA50455756"
"1948","svchost.exe","C:\Windows\System32\svchost.exe","C:\Windows\System32\svchost.exe -k LocalSystemNetworkRestricted -p -s AudioEndpointBuilder","svchost.exe","624","20/09/2023 11:23:44","1948","199","8A0A29438052FAED8A2532DA50455756"
"1956","svchost.exe","C:\Windows\system32\svchost.exe","C:\Windows\system32\svchost.exe -k LocalService -p -s FontCache","svchost.exe","624","20/09/2023 11:23:44","1956","171","8A0A29438052FAED8A2532DA50455756"
"1872","svchost.exe","C:\Windows\System32\svchost.exe","C:\Windows\System32\svchost.exe -k LocalService -p -s netprofm","svchost.exe","624","20/09/2023 11:23:44","1872","412","8A0A29438052FAED8A2532DA50455756"
"1940","svchost.exe","C:\Windows\System32\svchost.exe","C:\Windows\System32\svchost.exe -k LocalServiceNetworkRestricted -p","svchost.exe","624","20/09/2023 11:23:44","1940","364","8A0A29438052FAED8A2532DA50455756"
"2156","svchost.exe","C:\Windows\System32\svchost.exe","C:\Windows\System32\svchost.exe -k LocalServiceNetworkRestricted -p","svchost.exe","624","20/09/2023 11:23:45","2156","132","8A0A29438052FAED8A2532DA50455756"
"2164","svchost.exe","C:\Windows\system32\svchost.exe","C:\Windows\system32\svchost.exe -k LocalServiceNetworkRestricted -p","svchost.exe","624","20/09/2023 11:23:45","2164","336","8A0A29438052FAED8A2532DA50455756"
"2244","svchost.exe","C:\Windows\system32\svchost.exe","C:\Windows\system32\svchost.exe -k appmodel -p -s StateRepository","svchost.exe","624","20/09/2023 11:23:45","2244","224","8A0A29438052FAED8A2532DA50455756"
"2252","svchost.exe","C:\Windows\System32\svchost.exe","C:\Windows\System32\svchost.exe -k netsvcs -p -s ShellHWDetection","svchost.exe","624","20/09/2023 11:23:45","2252","202","8A0A29438052FAED8A2532DA50455756"
"2368","svchost.exe","C:\Windows\system32\svchost.exe","C:\Windows\system32\svchost.exe -k LocalServiceNetworkRestricted -p -s WinHttpAutoProxySvc","svchost.exe","624","20/09/2023 11:23:45","2368","177","8A0A29438052FAED8A2532DA50455756"
"2424","spoolsv.exe","C:\Windows\System32\spoolsv.exe","C:\Windows\System32\spoolsv.exe","spoolsv.exe","624","20/09/2023 11:23:45","2424","477","B54A80B1A307CE44C843EDD080FEA03E"
"2488","svchost.exe","C:\Windows\system32\svchost.exe","C:\Windows\system32\svchost.exe -k LocalServiceNoNetworkFirewall -p","svchost.exe","624","20/09/2023 11:23:45","2488","403","8A0A29438052FAED8A2532DA50455756"
"2528","svchost.exe","C:\Windows\System32\svchost.exe","C:\Windows\System32\svchost.exe -k NetworkService -p -s LanmanWorkstation","svchost.exe","624","20/09/2023 11:23:45","2528","193","8A0A29438052FAED8A2532DA50455756"
"2788","svchost.exe","C:\Windows\system32\svchost.exe","C:\Windows\system32\svchost.exe -k netsvcs -p -s TokenBroker","svchost.exe","624","20/09/2023 11:23:45","2788","295","8A0A29438052FAED8A2532DA50455756"
"1896","svchost.exe","C:\Windows\system32\svchost.exe","C:\Windows\system32\svchost.exe -k LocalService -p -s CDPSvc","svchost.exe","624","20/09/2023 11:23:45","1896","340","8A0A29438052FAED8A2532DA50455756"
"2976","svchost.exe","C:\Windows\system32\svchost.exe","C:\Windows\system32\svchost.exe -k NetworkService -p -s CryptSvc","svchost.exe","624","20/09/2023 11:23:45","2976","505","8A0A29438052FAED8A2532DA50455756"
"2544","svchost.exe","C:\Windows\System32\svchost.exe","C:\Windows\System32\svchost.exe -k utcsvc -p","svchost.exe","624","20/09/2023 11:23:45","2544","518","8A0A29438052FAED8A2532DA50455756"
"2432","svchost.exe","C:\Windows\System32\svchost.exe","C:\Windows\System32\svchost.exe -k LocalServiceNoNetwork -p -s DPS","svchost.exe","624","20/09/2023 11:23:45","2432","333","8A0A29438052FAED8A2532DA50455756"
"3080","svchost.exe","C:\Windows\system32\svchost.exe","C:\Windows\system32\svchost.exe -k netsvcs -p -s Winmgmt","svchost.exe","624","20/09/2023 11:23:45","3080","579","8A0A29438052FAED8A2532DA50455756"
"3128","svchost.exe","C:\Windows\System32\svchost.exe","C:\Windows\System32\svchost.exe -k LocalSystemNetworkRestricted -p -s TrkWks","svchost.exe","624","20/09/2023 11:23:45","3128","127","8A0A29438052FAED8A2532DA50455756"
"3144","svchost.exe","C:\Windows\system32\svchost.exe","C:\Windows\system32\svchost.exe -k netsvcs -p -s LanmanServer","svchost.exe","624","20/09/2023 11:23:45","3144","245","8A0A29438052FAED8A2532DA50455756"
"3160","vmtoolsd.exe","C:\Program Files\VMware\VMware Tools\vmtoolsd.exe","""C:\Program Files\VMware\VMware Tools\vmtoolsd.exe""","vmtoolsd.exe","624","20/09/2023 11:23:45","3160","378","ACA121D48147FF717BCD1DA7871A5A76"
"3172","VGAuthService.exe","C:\Program Files\VMware\VMware Tools\VMware VGAuth\VGAuthService.exe","""C:\Program Files\VMware\VMware Tools\VMware VGAuth\VGAuthService.exe""","VGAuthService.exe","624","20/09/2023 11:23:45","3172","174","5BBAFD00CCA460FF2F826B02D138602A"
"3192","svchost.exe","C:\Windows\system32\svchost.exe","C:\Windows\system32\svchost.exe -k netsvcs -p -s WpnService","svchost.exe","624","20/09/2023 11:23:45","3192","387","8A0A29438052FAED8A2532DA50455756"
"3204","MsMpEng.exe",,,"MsMpEng.exe","624","20/09/2023 11:23:45","3204","1011",
"3360","svchost.exe","C:\Windows\System32\svchost.exe","C:\Windows\System32\svchost.exe -k NetSvcs -p -s iphlpsvc","svchost.exe","624","20/09/2023 11:23:46","3360","473","8A0A29438052FAED8A2532DA50455756"
"3380","svchost.exe","C:\Windows\System32\svchost.exe","C:\Windows\System32\svchost.exe -k LocalService -p -s WdiServiceHost","svchost.exe","624","20/09/2023 11:23:46","3380","108","8A0A29438052FAED8A2532DA50455756"
"3972","dllhost.exe","C:\Windows\system32\dllhost.exe","C:\Windows\system32\dllhost.exe /Processid:{02D4B3F1-FD88-11D1-960D-00805FC79235}","dllhost.exe","624","20/09/2023 11:23:46","3972","254","D2AB39EA2C0FCD172751F84BDA723A97"
"3092","WmiPrvSE.exe","C:\Windows\system32\wbem\wmiprvse.exe","C:\Windows\system32\wbem\wmiprvse.exe","WmiPrvSE.exe","776","20/09/2023 11:23:47","3092","263","06C66FF5CCDC2D22344A3EB761A4D38A"
"4332","SearchIndexer.exe","C:\Windows\system32\SearchIndexer.exe","C:\Windows\system32\SearchIndexer.exe /Embedding","SearchIndexer.exe","624","20/09/2023 11:23:48","4332","784","149BC0C10FCC4E14B29AB6685984BF72"
"4788","msdtc.exe","C:\Windows\System32\msdtc.exe","C:\Windows\System32\msdtc.exe","msdtc.exe","624","20/09/2023 11:23:49","4788","220","7215CE218BDEAD41B708F098258CF972"
"5356","svchost.exe","C:\Windows\System32\svchost.exe","C:\Windows\System32\svchost.exe -k LocalService -p -s LicenseManager","svchost.exe","624","20/09/2023 11:23:51","5356","305","8A0A29438052FAED8A2532DA50455756"
"6032","NisSrv.exe",,,"NisSrv.exe","624","20/09/2023 11:23:55","6032","214",
"6312","svchost.exe","C:\Windows\system32\svchost.exe","C:\Windows\system32\svchost.exe -k netsvcs -p -s lfsvc","svchost.exe","624","20/09/2023 11:23:55","6312","275","8A0A29438052FAED8A2532DA50455756"
"6416","GoogleCrashHandler.exe","C:\Program Files (x86)\Google\Update\1.3.36.312\GoogleCrashHandler.exe","""C:\Program Files (x86)\Google\Update\1.3.36.312\GoogleCrashHandler.exe""","GoogleCrashHandler.exe","2804","20/09/2023 11:23:55","6416","187","A11CE10AC47F5F83B9BC980567331A1B"
"6504","GoogleCrashHandler64.exe","C:\Program Files (x86)\Google\Update\1.3.36.312\GoogleCrashHandler64.exe","""C:\Program Files (x86)\Google\Update\1.3.36.312\GoogleCrashHandler64.exe""","GoogleCrashHandler64.exe","2804","20/09/2023 11:23:55","6504","166","B659663611A4C2216DFF5AB1B60DD089"
"4608","SecurityHealthService.exe",,,"SecurityHealthService.exe","624","20/09/2023 11:24:02","4608","520",
"7612","svchost.exe","C:\Windows\system32\svchost.exe","C:\Windows\system32\svchost.exe -k LocalServiceAndNoImpersonation -p -s SSDPSRV","svchost.exe","624","20/09/2023 11:24:06","7612","208","8A0A29438052FAED8A2532DA50455756"
"812","svchost.exe","C:\Windows\system32\svchost.exe","C:\Windows\system32\svchost.exe -k netsvcs -p -s UsoSvc","svchost.exe","624","20/09/2023 11:24:31","812","453","8A0A29438052FAED8A2532DA50455756"
"6264","svchost.exe",,,"svchost.exe","624","20/09/2023 11:25:46","6264","416",
"9116","svchost.exe","C:\Windows\System32\svchost.exe","C:\Windows\System32\svchost.exe -k LocalSystemNetworkRestricted -p -s StorSvc","svchost.exe","624","20/09/2023 11:25:46","9116","184","8A0A29438052FAED8A2532DA50455756"
"8460","SgrmBroker.exe",,,"SgrmBroker.exe","624","20/09/2023 11:25:47","8460","85",
"7724","svchost.exe",,,"svchost.exe","624","20/09/2023 11:25:47","7724","220",
"3184","svchost.exe","C:\Windows\system32\svchost.exe","C:\Windows\system32\svchost.exe -k netsvcs -p -s Appinfo","svchost.exe","624","20/09/2023 11:28:03","3184","154","8A0A29438052FAED8A2532DA50455756"
"4320","svchost.exe","C:\Windows\system32\svchost.exe","C:\Windows\system32\svchost.exe -k LocalSystemNetworkRestricted -p -s PcaSvc","svchost.exe","624","20/09/2023 11:28:18","4320","198","8A0A29438052FAED8A2532DA50455756"
"6120","Sysmon64.exe",,,"Sysmon64.exe","624","20/09/2023 12:11:45","6120","416",
"704","unsecapp.exe","C:\Windows\system32\wbem\unsecapp.exe","C:\Windows\system32\wbem\unsecapp.exe -Embedding","unsecapp.exe","776","20/09/2023 12:11:45","704","126","8B0E699F01BDD3B9AD741D1BD7343248"
"620","svchost.exe","C:\Windows\System32\svchost.exe","C:\Windows\System32\svchost.exe -k netsvcs -p","svchost.exe","624","20/09/2023 14:13:28","620","377","8A0A29438052FAED8A2532DA50455756"
"10852","svchost.exe","C:\Windows\System32\svchost.exe","C:\Windows\System32\svchost.exe -k NetworkService -s TermService","svchost.exe","624","06/10/2023 13:50:21","10852","703","8A0A29438052FAED8A2532DA50455756"
"10616","svchost.exe","C:\Windows\System32\svchost.exe","C:\Windows\System32\svchost.exe -k LocalSystemNetworkRestricted -p -s UmRdpService","svchost.exe","624","06/10/2023 13:50:21","10616","197","8A0A29438052FAED8A2532DA50455756"
"9488","svchost.exe","C:\Windows\system32\svchost.exe","C:\Windows\system32\svchost.exe -k netsvcs -s CertPropSvc","svchost.exe","624","06/10/2023 13:50:21","9488","209","8A0A29438052FAED8A2532DA50455756"
"888","svchost.exe","C:\Windows\System32\svchost.exe","C:\Windows\System32\svchost.exe -k netsvcs -p -s SessionEnv","svchost.exe","624","06/10/2023 13:50:21","888","260","8A0A29438052FAED8A2532DA50455756"
"1136","svchost.exe","C:\Windows\System32\svchost.exe","C:\Windows\System32\svchost.exe -k LocalServiceNetworkRestricted -p -s lmhosts","svchost.exe","624","06/10/2023 17:31:15","1136","117","8A0A29438052FAED8A2532DA50455756"
"6952","csrss.exe",,,"csrss.exe","2720","06/10/2023 17:43:05","6952","313",
"6512","winlogon.exe","C:\Windows\system32\winlogon.exe","winlogon.exe","winlogon.exe","2720","06/10/2023 17:43:05","6512","262","92419F3B74C6C3D7304B7665DA984552"
"244","dwm.exe","C:\Windows\system32\dwm.exe","""dwm.exe""","dwm.exe","6512","06/10/2023 17:43:06","244","780","38833EC9E139654135BD183DFBABC36B"
"3448","fontdrvhost.exe","C:\Windows\system32\fontdrvhost.exe","""fontdrvhost.exe""","fontdrvhost.exe","6512","06/10/2023 17:43:06","3448","49","5708BFDDB5E37B98E65D71E404138937"
"10728","svchost.exe","C:\Windows\system32\svchost.exe","C:\Windows\system32\svchost.exe -k netsvcs -p -s gpsvc","svchost.exe","624","06/10/2023 18:37:18","10728","207","8A0A29438052FAED8A2532DA50455756"
"7164","sihost.exe","C:\Windows\system32\sihost.exe","sihost.exe","sihost.exe","1448","06/10/2023 18:37:19","7164","595","8B6722980E0C5A06312E00BD0565B692"
"5196","svchost.exe","C:\Windows\system32\svchost.exe","C:\Windows\system32\svchost.exe -k UnistackSvcGroup -s CDPUserSvc","svchost.exe","624","06/10/2023 18:37:19","5196","285","8A0A29438052FAED8A2532DA50455756"
"7756","svchost.exe","C:\Windows\system32\svchost.exe","C:\Windows\system32\svchost.exe -k UnistackSvcGroup -s WpnUserService","svchost.exe","624","06/10/2023 18:37:19","7756","448","8A0A29438052FAED8A2532DA50455756"
"10016","taskhostw.exe","C:\Windows\system32\taskhostw.exe","taskhostw.exe {222A245B-E637-4AE9-A93F-A59CA119A75E}","taskhostw.exe","1224","06/10/2023 18:37:19","10016","311","F225F37717C8D714B56CF21C7C1E9C34"
"5700","svchost.exe","C:\Windows\system32\svchost.exe","C:\Windows\system32\svchost.exe -k appmodel -p -s camsvc","svchost.exe","624","06/10/2023 18:37:19","5700","153","8A0A29438052FAED8A2532DA50455756"
"13872","explorer.exe","C:\Windows\Explorer.EXE","C:\Windows\Explorer.EXE","explorer.exe","4752","06/10/2023 18:37:19","13872","2643","2F62005FCEA7430BB871A56F7700F81C"
"9052","svchost.exe",,,"svchost.exe","624","06/10/2023 18:37:19","9052","726",
"5920","svchost.exe","C:\Windows\system32\svchost.exe","C:\Windows\system32\svchost.exe -k ClipboardSvcGroup -p -s cbdhsvc","svchost.exe","624","06/10/2023 18:37:20","5920","263","8A0A29438052FAED8A2532DA50455756"
"7224","ShellExperienceHost.exe","C:\Windows\SystemApps\ShellExperienceHost_cw5n1h2txyewy\ShellExperienceHost.exe","""C:\Windows\SystemApps\ShellExperienceHost_cw5n1h2txyewy\ShellExperienceHost.exe"" -ServerName:App.AppXtk181tbxbce2qsex02s8tw7hfxa9xb3t.mca","ShellExperienceHost.exe","776","06/10/2023 18:37:20","7224","738","78AC970D7765FD11580FF67DF518197B"
"12112","SearchUI.exe","C:\Windows\SystemApps\Microsoft.Windows.Cortana_cw5n1h2txyewy\SearchUI.exe","""C:\Windows\SystemApps\Microsoft.Windows.Cortana_cw5n1h2txyewy\SearchUI.exe"" -ServerName:CortanaUI.AppXa50dqqa5gqv4a428c9y1jjw7m3btvepj.mca","SearchUI.exe","776","06/10/2023 18:37:21","12112","1290","AEB8ABE6768F841F20781F79AF0605C2"
"12164","RuntimeBroker.exe","C:\Windows\System32\RuntimeBroker.exe","C:\Windows\System32\RuntimeBroker.exe -Embedding","RuntimeBroker.exe","776","06/10/2023 18:37:21","12164","566","2879BF3F6F6CE63477135F7C061B14F3"
"2612","RuntimeBroker.exe","C:\Windows\System32\RuntimeBroker.exe","C:\Windows\System32\RuntimeBroker.exe -Embedding","RuntimeBroker.exe","776","06/10/2023 18:37:21","2612","278","2879BF3F6F6CE63477135F7C061B14F3"
"5284","SkypeHelper.exe","C:\Program Files\WindowsApps\Microsoft.SkypeApp_14.26.95.0_x64__kzf8qxf38zg5c\SkypeHelper.exe","""C:\Program Files\WindowsApps\Microsoft.SkypeApp_14.26.95.0_x64__kzf8qxf38zg5c\SkypeHelper.exe"" -ServerName:SkypeHelper","SkypeHelper.exe","776","06/10/2023 18:37:22","5284","155","280B5DC95936C19D63E32449BE9A5C0B"
"280","Skype4Life.exe","C:\Program Files\WindowsApps\Microsoft.SkypeApp_14.26.95.0_x64__kzf8qxf38zg5c\Skype4Life.exe","""C:\Program Files\WindowsApps\Microsoft.SkypeApp_14.26.95.0_x64__kzf8qxf38zg5c\Skype4Life.exe"" -ServerName:App.AppX64x9g84fa7t8p61fs4y1yn2382gbgrbb.mca","Skype4Life.exe","776","06/10/2023 18:37:22","280","434","BA20DF8DDF92A8CD6E1721CA04F54A47"
"12704","YourPhone.exe","C:\Program Files\WindowsApps\Microsoft.YourPhone_1.21062.152.0_x64__8wekyb3d8bbwe\YourPhone.exe","""C:\Program Files\WindowsApps\Microsoft.YourPhone_1.21062.152.0_x64__8wekyb3d8bbwe\YourPhone.exe"" -ServerName:App.AppX9yct9q388jvt4h7y0gn06smzkxcsnt8m.mca","YourPhone.exe","776","06/10/2023 18:37:22","12704","710","B330380651AF743676C7A5238E6102CE"
"11168","ctfmon.exe","C:\Windows\system32\ctfmon.exe","""ctfmon.exe""","ctfmon.exe","1428","06/10/2023 18:37:22","11168","430","AFE653CCC2592633C22DD5DA4124AB59"
"9376","TabTip.exe","C:\Program Files\Common Files\microsoft shared\ink\TabTip.exe","/QuitInfo:00000000000003EC;00000000000003DC;  ","TabTip.exe","1428","06/10/2023 18:37:22","9376","309","19C4CE79A016457D3A70EA5B9D9091DB"
"1716","svchost.exe",,,"svchost.exe","624","06/10/2023 18:37:22","1716","143",
"9744","RuntimeBroker.exe","C:\Windows\System32\RuntimeBroker.exe","C:\Windows\System32\RuntimeBroker.exe -Embedding","RuntimeBroker.exe","776","06/10/2023 18:37:23","9744","216","2879BF3F6F6CE63477135F7C061B14F3"
"14180","RuntimeBroker.exe","C:\Windows\System32\RuntimeBroker.exe","C:\Windows\System32\RuntimeBroker.exe -Embedding","RuntimeBroker.exe","776","06/10/2023 18:37:27","14180","139","2879BF3F6F6CE63477135F7C061B14F3"
"12332","svchost.exe","C:\Windows\System32\svchost.exe","C:\Windows\System32\svchost.exe -k UnistackSvcGroup","svchost.exe","624","06/10/2023 18:37:27","12332","452","8A0A29438052FAED8A2532DA50455756"
"10332","RuntimeBroker.exe","C:\Windows\System32\RuntimeBroker.exe","C:\Windows\System32\RuntimeBroker.exe -Embedding","RuntimeBroker.exe","776","06/10/2023 18:37:31","10332","276","2879BF3F6F6CE63477135F7C061B14F3"
"10184","smartscreen.exe","C:\Windows\System32\smartscreen.exe","C:\Windows\System32\smartscreen.exe -Embedding","smartscreen.exe","776","06/10/2023 18:37:32","10184","392","7DFD2B02BAEA83FF2CB75094CC45EB42"
"9852","SecurityHealthSystray.exe","C:\Windows\System32\SecurityHealthSystray.exe","""C:\Windows\System32\SecurityHealthSystray.exe"" ","SecurityHealthSystray.exe","13872","06/10/2023 18:37:32","9852","155","09F3F2298DDA6EBB57B12C530D35C52C"
"3860","svchost.exe","C:\Windows\system32\svchost.exe","C:\Windows\system32\svchost.exe -k LocalServiceNetworkRestricted -p -s NgcCtnrSvc","svchost.exe","624","06/10/2023 18:37:32","3860","132","8A0A29438052FAED8A2532DA50455756"
"13932","vm3dservice.exe","C:\Windows\System32\vm3dservice.exe","""C:\Windows\System32\vm3dservice.exe"" -u","vm3dservice.exe","13872","06/10/2023 18:37:32","13932","96","F74A89EFBCA9F0BE2BFE99AAE4A91068"
"3276","vmtoolsd.exe","C:\Program Files\VMware\VMware Tools\vmtoolsd.exe","""C:\Program Files\VMware\VMware Tools\vmtoolsd.exe"" -n vmusr","vmtoolsd.exe","13872","06/10/2023 18:37:33","3276","540","ACA121D48147FF717BCD1DA7871A5A76"
"7752","audiodg.exe","C:\Windows\system32\AUDIODG.EXE","C:\Windows\system32\AUDIODG.EXE 0x3bc","audiodg.exe","1940","06/10/2023 18:37:33","7752","193","A3893E774B2440AA213464293243DCB3"
"12064","OneDrive.exe","C:\Users\Velma\AppData\Local\Microsoft\OneDrive\OneDrive.exe","""C:\Users\Velma\AppData\Local\Microsoft\OneDrive\OneDrive.exe"" /background","OneDrive.exe","13872","06/10/2023 18:37:37","12064","652","D1A299C8B199ED6565914A4550290D43"
"1612","Spotify.exe","C:\Users\Velma\AppData\Roaming\Spotify\Spotify.exe","""C:\Users\Velma\AppData\Roaming\Spotify\Spotify.exe"" --autostart --minimized","Spotify.exe","13872","06/10/2023 18:37:38","1612","1013","0C2B08855949A8DB4029D1FBCB024C29"
"11348","Spotify.exe","C:\Users\Velma\AppData\Roaming\Spotify\Spotify.exe","C:\Users\Velma\AppData\Roaming\Spotify\Spotify.exe --type=crashpad-handler /prefetch:7 --max-uploads=5 --max-db-size=20 --max-db-age=5 --monitor-self-annotation=ptype=crashpad-handler ""--database=C:\Users\Velma\AppData\Local\Spotify\User Data\Crashpad"" ""--metrics-dir=C:\Users\Velma\AppData\Local\Spotify\User Data"" --url=https://crashdump.spotify.com:443/ --annotation=platform=win64 --annotation=product=spotify --annotation=version=1.2.19.941 --initial-client-data=0x438,0x43c,0x440,0x434,0x444,0x7ff8fbb04ca0,0x7ff8fbb04cb0,0x7ff8fbb04cc0","Spotify.exe","1612","06/10/2023 18:37:38","11348","280","0C2B08855949A8DB4029D1FBCB024C29"
"10460","Spotify.exe","C:\Users\Velma\AppData\Roaming\Spotify\Spotify.exe","""C:\Users\Velma\AppData\Roaming\Spotify\Spotify.exe"" --type=gpu-process --log-severity=disable --user-agent-product=""Chrome/113.0.5672.128 Spotify/1.2.19.941"" --lang=en-GB --user-data-dir=""C:\Users\Velma\AppData\Local\Spotify\User Data"" --gpu-preferences=WAAAAAAAAADgAAAMAAAAAAAAAAAAAAAAAABgAAAAAAA4AAAAAAAAAAAAAAAIAAAAAAAAAAAAAAAAAAAAAAAAAAAAAAAAAAAAGAAAAAAAAAAYAAAAAAAAAAgAAAAAAAAACAAAAAAAAAAIAAAAAAAAAA== --log-file=""C:\Users\Velma\AppData\Roaming\Spotify\debug.log"" --mojo-platform-channel-handle=1824 --field-trial-handle=1828,i,17751858350051589347,2169975814828165309,262144 --disable-features=BackForwardCache,CalculateNativeWinOcclusion /prefetch:2","Spotify.exe","1612","06/10/2023 18:37:39","10460","444","0C2B08855949A8DB4029D1FBCB024C29"
"6284","Spotify.exe","C:\Users\Velma\AppData\Roaming\Spotify\Spotify.exe","""C:\Users\Velma\AppData\Roaming\Spotify\Spotify.exe"" --type=utility --utility-sub-type=storage.mojom.StorageService --lang=en-US --service-sandbox-type=service --log-severity=disable --user-agent-product=""Chrome/113.0.5672.128 Spotify/1.2.19.941"" --lang=en-GB --user-data-dir=""C:\Users\Velma\AppData\Local\Spotify\User Data"" --log-file=""C:\Users\Velma\AppData\Roaming\Spotify\debug.log"" --mojo-platform-channel-handle=3124 --field-trial-handle=1828,i,17751858350051589347,2169975814828165309,262144 --disable-features=BackForwardCache,CalculateNativeWinOcclusion /prefetch:8","Spotify.exe","1612","06/10/2023 18:37:39","6284","274","0C2B08855949A8DB4029D1FBCB024C29"
"7696","Spotify.exe","C:\Users\Velma\AppData\Roaming\Spotify\Spotify.exe","""C:\Users\Velma\AppData\Roaming\Spotify\Spotify.exe"" --type=utility --utility-sub-type=network.mojom.NetworkService --lang=en-US --service-sandbox-type=none --log-severity=disable --user-agent-product=""Chrome/113.0.5672.128 Spotify/1.2.19.941"" --lang=en-GB --user-data-dir=""C:\Users\Velma\AppData\Local\Spotify\User Data"" --log-file=""C:\Users\Velma\AppData\Roaming\Spotify\debug.log"" --mojo-platform-channel-handle=3224 --field-trial-handle=1828,i,17751858350051589347,2169975814828165309,262144 --disable-features=BackForwardCache,CalculateNativeWinOcclusion /prefetch:8","Spotify.exe","1612","06/10/2023 18:37:39","7696","352","0C2B08855949A8DB4029D1FBCB024C29"
"8200","svchost.exe","C:\Windows\system32\svchost.exe","C:\Windows\system32\svchost.exe -k LocalSystemNetworkRestricted -p -s DeviceAssociationService","svchost.exe","624","06/10/2023 18:37:39","8200","154","8A0A29438052FAED8A2532DA50455756"
"320","Spotify.exe","C:\Users\Velma\AppData\Roaming\Spotify\Spotify.exe","""C:\Users\Velma\AppData\Roaming\Spotify\Spotify.exe"" --type=renderer --log-severity=disable --user-agent-product=""Chrome/113.0.5672.128 Spotify/1.2.19.941"" --disable-spell-checking --user-data-dir=""C:\Users\Velma\AppData\Local\Spotify\User Data"" --first-renderer-process --log-file=""C:\Users\Velma\AppData\Roaming\Spotify\debug.log"" --lang=en-US --device-scale-factor=1 --num-raster-threads=1 --renderer-client-id=5 --time-ticks-at-unix-epoch=-1696591757534310 --launch-time-ticks=22101850520 --mojo-platform-channel-handle=3716 --field-trial-handle=1828,i,17751858350051589347,2169975814828165309,262144 --disable-features=BackForwardCache,CalculateNativeWinOcclusion /prefetch:1","Spotify.exe","1612","06/10/2023 18:37:39","320","368","0C2B08855949A8DB4029D1FBCB024C29"
"11236","ApplicationFrameHost.exe","C:\Windows\system32\ApplicationFrameHost.exe","C:\Windows\system32\ApplicationFrameHost.exe -Embedding","ApplicationFrameHost.exe","776","06/10/2023 18:37:57","11236","265","F04ADA7AF26797029FA84FE969E7D215"
"13788","WindowsInternal.ComposableShell.Experiences.TextInput.InputApp.exe","C:\Windows\SystemApps\InputApp_cw5n1h2txyewy\WindowsInternal.ComposableShell.Experiences.TextInput.InputApp.exe","""C:\Windows\SystemApps\InputApp_cw5n1h2txyewy\WindowsInternal.ComposableShell.Experiences.TextInput.InputApp.exe"" -ServerName:App.AppXagta193n5rpf7mheremt3yyfa1g555vc.mca","WindowsInternal.ComposableShell.Experiences.TextInput.InputApp.exe","776","06/10/2023 18:38:05","13788","832","45A949E52C9730BBE5CF50936BB5C75C"
"3076","dllhost.exe","C:\Windows\system32\DllHost.exe","C:\Windows\system32\DllHost.exe /Processid:{973D20D7-562D-44B9-B70B-5A0F49CCDF3F}","dllhost.exe","776","06/10/2023 18:38:19","3076","222","D2AB39EA2C0FCD172751F84BDA723A97"
"13008","cmd.exe","C:\Windows\system32\cmd.exe","""C:\Windows\system32\cmd.exe"" ","cmd.exe","13872","06/10/2023 18:38:26","13008","85","0D088F5BCFA8F086FBA163647CD80CAB"
"8100","conhost.exe","C:\Windows\system32\conhost.exe","\??\C:\Windows\system32\conhost.exe 0x4","conhost.exe","13008","06/10/2023 18:38:26","8100","221","4C41666923A14DC687DEEE3B143AFB55"
"14216","TrustedInstaller.exe","C:\Windows\servicing\TrustedInstaller.exe","C:\Windows\servicing\TrustedInstaller.exe","TrustedInstaller.exe","624","06/10/2023 18:38:48","14216","151","59D38A41008A7A229273D8AF693ADBAC"
"6040","svchost.exe","C:\Windows\system32\svchost.exe","C:\Windows\system32\svchost.exe -k netsvcs -p -s wuauserv","svchost.exe","624","06/10/2023 18:38:48","6040","824","8A0A29438052FAED8A2532DA50455756"
"10672","TiWorker.exe","C:\Windows\winsxs\amd64_microsoft-windows-servicingstack_31bf3856ad364e35_10.0.17763.164_none_7e114a3d4d0589d4\TiWorker.exe","C:\Windows\winsxs\amd64_microsoft-windows-servicingstack_31bf3856ad364e35_10.0.17763.164_none_7e114a3d4d0589d4\TiWorker.exe -Embedding","TiWorker.exe","776","06/10/2023 18:38:48","10672","316","A925D158B68DA0F861F8738D827E6317"
"12520","svchost.exe","C:\Windows\System32\svchost.exe","C:\Windows\System32\svchost.exe -k LocalSystemNetworkRestricted -p -s WdiSystemHost","svchost.exe","624","06/10/2023 18:39:35","12520","119","8A0A29438052FAED8A2532DA50455756"
"7808","VSSVC.exe","C:\Windows\system32\vssvc.exe","C:\Windows\system32\vssvc.exe","VSSVC.exe","624","06/10/2023 18:39:42","7808","157","70757EE40A3DFC19BFEE29E67100C708"
"6204","svchost.exe","C:\Windows\System32\svchost.exe","C:\Windows\System32\svchost.exe -k swprv","svchost.exe","624","06/10/2023 18:39:43","6204","133","8A0A29438052FAED8A2532DA50455756"
"8216","kape.exe","C:\Users\Velma\Desktop\evidence_acqu\KAPE_Local\kape.exe","""C:\Users\Velma\Desktop\evidence_acqu\KAPE_Local\kape.exe"" --tsource C: --tdest C:\KAPE\TriageData --tflush --target !CERT_Target --zip TriageData --msource C:\ --mdest C:\KAPE\LiveResponse --mflush --zm true --module CERT_LiveResponse --gui","kape.exe","7704","06/10/2023 18:40:00","8216","640","85E818B65EAFD35A1A69641CC207BFDD"
"9196","conhost.exe","C:\Windows\system32\conhost.exe","\??\C:\Windows\system32\conhost.exe 0x4","conhost.exe","8216","06/10/2023 18:40:00","9196","202","4C41666923A14DC687DEEE3B143AFB55"
"4456","powershell.exe","C:\Windows\system32\WindowsPowerShell\v1.0\powershell.exe","""C:\Windows\system32\WindowsPowerShell\v1.0\powershell.exe"" -Command ""Get-CimInstance Win32_Process | select ProcessId, ProcessName, Path, CommandLine, Description, ParentProcessId , CreationDate, Handle, HandleCount, @{Label='File Path MD-5'; Expression={(Get-FileHash -Algorithm MD5 -LiteralPath $_.Path).Hash}} | Export-Csv -NoTypeInformation -Path C:\KAPE\LiveResponse\LiveResponse\PWSH-Get-CIM_ProcessList.csv""","powershell.exe","8216","06/10/2023 18:44:00","4456","570","7353F60B1739074EB17C5F4DDDEFE239"
